DATE,BTC,ETH,BNB,ADA,SOL
2019-05-15,8192.223138952013,248.74500426984366,26.96507654803513,0.09490714707281114,
2019-05-16,7875.913199526066,264.90012138907406,26.476835855907055,0.08817205417938961,
2019-05-17,7343.371457162994,243.57049917993308,25.708477735885776,0.08315183194070046,
2019-05-18,7300.655158341227,235.32720134101993,28.95589218370736,0.07927511271011549,
2019-05-19,8168.730689783752,260.59698403060327,29.214251300313293,0.08667775721710332,
2019-05-20,7976.851712899625,251.9614994995826,29.130179499276746,0.08477263112528466,
2019-05-21,7958.365526075088,256.0830401834705,32.402365184837116,0.08450471939881433,
2019-05-22,7665.79685383355,244.54946301361036,31.346852330361315,0.07812899993928989,
2019-05-23,7861.812792465447,244.6460957973966,31.677314092966217,0.08013828248154231,
2019-05-24,7977.244882467973,248.54526290535333,34.05990832438422,0.08049302480012858,
2019-05-25,8037.627431860584,250.82036469745617,35.12279275400274,0.08020426974110459,
2019-05-26,8631.080577844017,266.12218207843597,33.535238582609956,0.08570334044232883,
2019-05-27,8816.03391493351,273.40508817754096,34.239340518309035,0.091890182252933,
2019-05-28,8726.978110456395,271.227867157993,33.122360925960365,0.09293566203101727,
2019-05-29,8650.677405968292,268.7857564563058,33.606453476083296,0.09093447333769593,
2019-05-30,8310.891063057417,255.37736314606394,31.761559971754373,0.08489877008479199,
2019-05-31,8575.646353354166,268.12603920482644,32.93210777753538,0.08979294565729191,
2019-06-01,8554.261728092017,264.72732428744166,32.9216510778764,0.09065882062958135,
2019-06-02,8743.705469134235,269.9388294795906,33.229542163859946,0.09637887919860315,
2019-06-03,8173.632761796738,251.75257532903564,30.9093052440002,0.08882487557068913,
2019-06-04,7683.636261419786,240.23943365820054,29.117035180370003,0.08237800551134446,
2019-06-05,7812.44885473215,246.82656909017393,30.98179914613863,0.08323726564165126,
2019-06-06,7821.123897094859,249.9679117723965,31.318912227337293,0.08386004978995357,
2019-06-07,8036.108159122215,250.63689323005363,31.608173874964113,0.08577380440177361,
2019-06-08,7942.539284064289,244.62980571926562,31.855742079438834,0.08430244019725254,
2019-06-09,7668.029627860183,232.04158416760484,30.25359142217133,0.07925054084194963,
2019-06-10,8002.729982894047,247.25227622797598,32.08186418452176,0.08544881369479573,
2019-06-11,7897.975476598364,245.08937853941526,31.97493864049523,0.08787378295983746,
2019-06-12,8145.05909812096,260.5666340627198,34.9388429708274,0.09619876111923988,
2019-06-13,8227.625725590904,255.1204266417473,35.06496913774314,0.0898343994124557,
2019-06-14,8671.505388660793,263.92853843827874,32.53511291051955,0.09027318734323488,
2019-06-15,8818.609506932296,268.1121928964469,32.73662175929157,0.09151425248161667,
2019-06-16,8978.77258780693,269.0716935274996,32.29551616334512,0.09224850135138556,
2019-06-17,9312.868294808708,273.12368845247914,33.82649909972988,0.09313824629824667,
2019-06-18,9094.021746079217,264.78793107969506,34.490303122087795,0.08958593604707549,
2019-06-19,9285.928674251472,269.1527997781388,35.25139482130743,0.0901607430598065,
2019-06-20,9548.31456526146,272.334690986303,36.82998150037514,0.08835758815796697,
2019-06-21,10118.359455626854,294.47562296593696,38.91793858342014,0.08948493917904113,
2019-06-22,10704.922148115673,310.65499867231955,37.926144365897606,0.09439321272883437,
2019-06-23,10846.12509964766,307.9472102635873,37.28550830263468,0.09652528310575355,
2019-06-24,11045.550419814825,311.06822902414945,37.527680217591055,0.09768652420302633,
2019-06-25,11808.419904075861,318.635944657736,36.11575407972535,0.09675059527699448,
2019-06-26,12996.124342788677,337.3409578098138,35.746328940183346,0.09787657906455512,
2019-06-27,11178.682998186501,295.8416528876357,33.98946094586673,0.08638225407864202,
2019-06-28,12352.19686591269,309.949031472406,34.440175083617284,0.08904612991804452,
2019-06-29,11972.555667220913,321.43279903776084,35.5700040292038,0.09045972143967372,
2019-06-30,10888.097181679726,292.83887601724456,32.08944679833465,0.08330828430155335,
2019-07-01,10639.046292232071,295.2558980709613,33.258469954070044,0.08367770186140709,
2019-07-02,10822.764178376405,290.9596721071729,31.871920677090532,0.08088485355829379,
2019-07-03,11975.637393818817,304.1705424011823,32.589470734468485,0.0827285980601328,
2019-07-04,11229.60561912491,285.2194708797813,33.22910267314982,0.07890517120127188,
2019-07-05,10987.248856214646,287.98591058443674,32.69095244848287,0.07634163132587295,
2019-07-06,11279.476377672418,289.57713834106636,32.714424385525504,0.0774725854156618,
2019-07-07,11436.430746923896,305.33625290070216,33.06562097291882,0.0797018230848796,
2019-07-08,12260.28269787262,312.4663688290414,33.41995235007216,0.08030358304095145,
2019-07-09,12544.167261709219,307.7796837520068,32.53941803550763,0.07795321597659362,
2019-07-10,12166.398288868606,290.009967157574,31.37039574069432,0.07189336539178602,
2019-07-11,11385.060490564521,268.6352130477999,29.47546617806322,0.06512761424817616,
2019-07-12,11804.562793905448,275.80920843487644,32.0463382617632,0.06954524921824569,
2019-07-13,11418.511855491488,270.314761247692,31.572765100961472,0.0671818241171605,
2019-07-14,10285.461109066944,227.12207268042678,28.433096105009277,0.059465709066443745,
2019-07-15,10911.345158309634,230.18019411198864,28.367249931948486,0.05863966042805709,
2019-07-16,9538.827124243868,199.94052185387875,25.201075044884668,0.05211358082184511,
2019-07-17,9657.303101319074,210.83853712737297,27.54721821016101,0.05493991661707475,
2019-07-18,10636.155728360647,226.3035342868679,29.094265415457144,0.05871637584718182,
2019-07-19,10536.565849576118,221.11374095039795,29.103301283974627,0.05984256605352769,
2019-07-20,10774.281137633849,228.96480408491627,31.07522343400771,0.06302395606080853,
2019-07-21,10607.463560702123,226.15340772656594,30.392303295556303,0.0613127189305356,
2019-07-22,10343.318139598357,217.65256165832335,30.73883061193632,0.059987636321957,
2019-07-23,9936.380762347033,213.5021516080946,29.57406676579113,0.05569322641705192,
2019-07-24,9799.306312967936,217.19777774847861,29.022332006413677,0.05639702721053328,
2019-07-25,9878.23193291115,219.48779097276912,28.87914024739794,0.05835217463636584,
2019-07-26,9845.999447078504,219.58243262777626,28.88800672217171,0.06260967964699526,
2019-07-27,9447.678401413306,206.531772895918,27.637315402218466,0.059851847667587756,
2019-07-28,9534.755426833233,211.229753661743,27.73059671698608,0.05944367244740904,
2019-07-29,9510.593552181648,210.82351650905207,27.016691528333105,0.06033420796318712,
2019-07-30,9568.437452164315,209.64626074112806,26.713071813819173,0.05983312840110228,
2019-07-31,10062.996285663326,218.61308553620958,27.723232505332756,0.06397879826804305,
2019-08-01,10361.312000080692,216.630420657716,28.73351770843936,0.05859755915864751,
2019-08-02,10529.171907427639,217.79546207706508,27.868246822690274,0.0576035980944542,
2019-08-03,10791.200523159,221.41611875255478,27.72111323933165,0.05758269576495487,
2019-08-04,10951.593834840049,221.98815294300547,27.373793405615487,0.05620108209471885,
2019-08-05,11818.525531066103,232.82368350463972,27.849794806222224,0.056482892795423685,
2019-08-06,11510.164154730011,227.02071107575,27.639656229093095,0.053764486901642504,
2019-08-07,11970.657556451994,226.4011931773696,29.58785561959907,0.05187000851972036,
2019-08-08,12024.331570998236,221.99588620712112,31.39623531954035,0.05251300080311549,
2019-08-09,11852.561606995518,210.15361895773407,29.7407859153171,0.04760844579940038,
2019-08-10,11327.842642233223,206.50462546838185,29.593512248244945,0.051977493522885866,
2019-08-11,11549.998354322472,216.4855805517722,30.219454448788586,0.055142333964456,
2019-08-12,11381.241355678554,211.11314126304725,30.147418023961,0.05296431927823547,
2019-08-13,10903.6549918801,209.26573714761406,29.424399733430604,0.05288183699309247,
2019-08-14,10016.217389275296,185.65530058955875,26.86054819695887,0.046872256846815896,
2019-08-15,10295.87714290961,188.15278116773473,28.08213542589457,0.04754609016915611,
2019-08-16,10324.993597415598,185.15324355177958,27.46621678364831,0.0466719398026876,
2019-08-17,10224.218706633936,185.76004109383433,27.45044934398281,0.04737046324949391,
2019-08-18,10309.872435928555,194.35736761658467,27.882349332577377,0.05066438962767642,
2019-08-19,10895.97184442924,202.95975075968417,28.86852452989437,0.05019454443213063,
2019-08-20,10743.789313302059,196.27274728566928,28.029166430562192,0.049183992081746314,
2019-08-21,10124.058214168905,187.01618910896025,26.91143437006359,0.04716480331398617,
2019-08-22,10127.78985767835,191.52119596772542,27.04457596584904,0.04940080528158715,
2019-08-23,10385.509090033882,194.2093873568753,26.994913636680277,0.04970245036635679,
2019-08-24,10145.01247970698,190.55575089343063,26.290803293843584,0.0501623700145887,
2019-08-25,10090.061576030994,186.32236897942659,26.044082906401442,0.04945092551466617,
2019-08-26,10334.911854471331,188.37725745413954,26.028820815637697,0.04960650037440522,
2019-08-27,10167.889390020262,186.97068487781738,25.598756335697995,0.04990065558170095,
2019-08-28,9753.48704889705,173.02703573027782,23.470662691137793,0.04596845655910895,
2019-08-29,9485.141423780755,168.79916502828434,21.78184136956019,0.04460753137056895,
2019-08-30,9588.98750205815,168.6708883739598,22.192856638190957,0.04479946283441484,
2019-08-31,9607.289264302583,172.07296929356409,21.13552442487948,0.044880548452087936,
2019-09-01,9729.266231867814,170.72754514461607,21.438610114224364,0.04449442698498823,
2019-09-02,10323.022660378076,177.71647895327314,22.660341307040724,0.045354229791424734,
2019-09-03,10620.165189356907,178.82647784328285,22.397000784809897,0.04659907826217568,
2019-09-04,10573.515179027892,174.77627554812665,21.640177975581818,0.04542015426529244,
2019-09-05,10570.249940786205,174.1938100520476,22.711985916020357,0.04442465942246261,
2019-09-06,10350.748325717243,169.42286694793444,22.182333527545538,0.044309504591709646,
2019-09-07,10461.547731202416,177.85258889110943,22.405261559837967,0.04582084104840284,
2019-09-08,10404.333900445994,181.4839320522675,22.41198331530781,0.04652576544236705,
2019-09-09,10321.931613525778,181.01465623196765,22.132223225463076,0.046812260518715954,
2019-09-10,10121.102297214318,180.1493915298145,21.79884095165479,0.04655343816464846,
2019-09-11,10150.71002363705,178.08294980618456,20.743634713075046,0.04489760105784981,
2019-09-12,10401.319919342226,181.010836085851,20.802050149098662,0.045334945419827265,
2019-09-13,10355.626898620032,181.2119450035023,20.79882402829103,0.0457576836247777,
2019-09-14,10349.551958231765,188.30568158376607,21.00328637795174,0.04645326282841542,
2019-09-15,10305.675020156998,189.25504633546134,20.37333835182006,0.046636019949772525,
2019-09-16,10268.421696882157,197.60691638393752,20.236668039500803,0.04709648472001802,
2019-09-17,10203.071046816189,209.21116304181604,21.100079022468687,0.0490035399925224,
2019-09-18,10158.854517376085,210.24907372866744,22.07089602274126,0.05279343380477617,
2019-09-19,10253.232374680329,221.74292599489385,21.52942091072633,0.05251209982657775,
2019-09-20,10178.442572698175,217.95344382394939,21.274946020551244,0.05198235510108807,
2019-09-21,9997.199887816778,215.34523960456264,20.952862390413546,0.051766192682133796,
2019-09-22,10041.304200624943,211.61753840452246,20.386317625786912,0.04922405448984773,
2019-09-23,9699.504938095957,201.00337752581868,19.295565446060348,0.04640457934734447,
2019-09-24,8702.713528026236,168.67357964603033,16.539149492885993,0.03874491604487104,
2019-09-25,8446.244115548528,170.28886769224317,16.06705840939312,0.03913445205612641,
2019-09-26,8098.80982048931,166.21680322909975,15.305145795446741,0.037974121649869325,
2019-09-27,8183.482347567026,173.90494900595044,15.636151950460764,0.039139464635006165,
2019-09-28,8225.11037185192,174.07970541243265,15.762523864743166,0.038690642111289586,
2019-09-29,8064.380983385267,169.6894747522977,15.25344192048347,0.03732373212854544,
2019-09-30,8271.290855465355,179.75716197925505,15.774018647075495,0.03879046631773576,
2019-10-01,8366.503905663569,180.63244082835516,15.851400004686669,0.03934729078058104,
2019-10-02,8350.132163242944,180.57893058773016,15.864912011776225,0.03932802690767859,
2019-10-03,8176.354679406582,176.85852555342686,15.658669606856666,0.03965059921433246,
2019-10-04,8156.519553840962,175.86315365350248,15.640221105914357,0.0393397803771123,
2019-10-05,8140.242484268429,176.2772565733896,15.698543163499648,0.0396685902386144,
2019-10-06,7890.234349864658,170.44710628243018,15.069978062749174,0.03887955039979462,
2019-10-07,8182.251593084191,180.14424760253544,16.064787752520967,0.041318057854402464,
2019-10-08,8180.69113018462,180.78979326727546,15.999440752637808,0.041191998033769994,
2019-10-09,8573.060086448735,193.33993781390976,17.7717067476257,0.04248072351463662,
2019-10-10,8561.51932921772,191.04108656991255,17.565446473346064,0.04162496906474528,
2019-10-11,8277.848351085042,180.55244905183102,16.56807401757623,0.040235605666570064,
2019-10-12,8308.470967433434,179.94653567610214,17.235832679975076,0.04041952993851232,
2019-10-13,8289.497236618896,181.2872472944888,18.25621591466084,0.041190202085297556,
2019-10-14,8347.350350085451,186.61606753146776,18.404843678815887,0.041645500694088976,
2019-10-15,8175.8631121051185,180.74563079187547,18.39617917788521,0.039663940953829815,
2019-10-16,8010.3021797941665,175.05406935469742,17.76674876061258,0.03857763166375929,
2019-10-17,8079.931459479744,177.4769186344818,18.50818812059558,0.03930643410932984,
2019-10-18,7957.314093995798,172.88626058117322,18.213555330073554,0.03805061129764288,
2019-10-19,7949.802268609832,171.85241043187662,18.178637973531558,0.03897290606281899,
2019-10-20,8208.362621758712,175.21210857661558,18.439964868648946,0.03948039340525086,
2019-10-21,8220.91853113097,174.35449608806442,18.270884965957617,0.039207768181643655,
2019-10-22,8045.294246807262,171.4265472158501,18.197304034770486,0.038693172114020916,
2019-10-23,7468.5325324369,161.5840435929357,16.660830564258255,0.03637923320687698,
2019-10-24,7433.915345679171,160.67839136074096,16.981693263705985,0.03734878480981196,
2019-10-25,8652.030029867461,181.45319156222183,18.56408198171964,0.041097604308284304,
2019-10-26,9217.236031536286,179.53527008259897,18.863273715830854,0.04061350545407733,
2019-10-27,9502.020114436129,183.58089983827585,19.265593913477083,0.04207839018309533,
2019-10-28,9239.897283779665,181.86179987269554,19.871274234837244,0.04224665417638333,
2019-10-29,9407.163351459427,190.50596091786502,20.673757550541676,0.04331050537060143,
2019-10-30,9171.874474054188,183.13375148673262,20.022760244978603,0.041746574591392444,
2019-10-31,9151.824594459767,182.75570124695298,19.933305188368156,0.041361454729798124,
2019-11-01,9233.413801605904,183.064191451962,20.04647032727917,0.042176822419817434,
2019-11-02,9302.83461784109,183.21568174708486,20.204883887569107,0.04245679316407893,
2019-11-03,9204.286350451268,181.8244399622803,20.13726362437605,0.04176896482416645,
2019-11-04,9378.953914330921,185.76433086001398,20.620731101504756,0.04308818459413177,
2019-11-05,9300.373963047077,189.16575518025138,20.6429763650443,0.044165155155295795,
2019-11-06,9340.048651574896,191.3004004540056,20.657758829943102,0.044783257163617994,
2019-11-07,9221.073784983802,186.81653195658674,20.40350094227934,0.04347433198846476,
2019-11-08,8795.896069400225,183.6736227613274,19.65150237230482,0.04220330628010057,
2019-11-09,8809.78367388588,184.95814543107952,19.724033118326247,0.042399051627971224,
2019-11-10,9043.673292397065,189.04498222352015,20.459061350938924,0.04384750361343306,
2019-11-11,8729.917418490728,184.839873654298,20.106983244842056,0.04315162007716826,
2019-11-12,8806.751998954014,186.8659398462863,20.8702225038281,0.0436903214677948,
2019-11-13,8770.78082523136,187.84288849379362,21.32174236869294,0.04333044842113522,
2019-11-14,8652.025288272329,184.78830689468228,21.282928448937206,0.04284484530888767,
2019-11-15,8480.435541874604,180.16871140792335,20.29927103181429,0.04395462414292063,
2019-11-16,8496.376959145864,182.63065416042576,20.182283399603772,0.043909482514101976,
2019-11-17,8508.499434051764,183.9879638750186,20.09585979748175,0.04503353305919832,
2019-11-18,8202.834446107912,178.3855993731378,19.091819056623912,0.04327868283242252,
2019-11-19,8138.831605359057,175.8204845763924,18.48443827957682,0.042139784236259845,
2019-11-20,8095.865638011639,174.80445727797053,18.09425437978215,0.040953342204618375,
2019-11-21,7632.494765498649,161.15147727923085,16.787903970858903,0.03845543217357254,
2019-11-22,7293.013949172297,149.92569206419535,15.525739710711209,0.03710515425629251,
2019-11-23,7309.689243566324,151.96608493452732,16.2671480543109,0.037901251811856156,
2019-11-24,6935.73862740252,140.24681084120735,15.05671664123601,0.03513730599011359,
2019-11-25,7118.264883393205,146.34618694453036,15.190301378096823,0.035956369261980266,
2019-11-26,7157.684731054473,147.57506848968612,15.315763044273119,0.03667455706244554,
2019-11-27,7483.754192176799,152.615068348219,15.960055463126414,0.038830680754972834,
2019-11-28,7438.621769308849,150.91034572010813,15.561385420788126,0.03908387074181357,
2019-11-29,7720.865011260837,154.25530586508248,16.155944138818402,0.041182255001463566,
2019-11-30,7556.397585815771,151.73585404476006,15.706698474503671,0.04038258414470136,
2019-12-01,7405.808478752477,151.02315688624967,15.45494979771074,0.03952578207954416,
2019-12-02,7308.982444423794,148.86726798663648,15.14311898663581,0.03806227948306808,
2019-12-03,7286.080951511441,147.12795176955626,15.244517419197557,0.037745739603044205,
2019-12-04,7209.971417454778,145.40170953026762,15.126556211344072,0.037181515915395924,
2019-12-05,7373.782498577651,147.79749210977155,15.646634606310384,0.037522206612805455,
2019-12-06,7530.922830404948,148.60569815279229,15.67247345886485,0.03815189761484911,
2019-12-07,7493.545154556748,147.1457864691915,15.569021541425807,0.03843096604389336,
2019-12-08,7508.315669139108,150.2924488050236,15.579235690297716,0.038668513328333716,
2019-12-09,7347.036951245358,147.42926132729735,15.327630304627986,0.03737145064010286,
2019-12-10,7233.950487171398,145.56867918491014,14.80075107726018,0.03640527577039115,
2019-12-11,7197.426825880834,143.12297867633916,14.749627646983393,0.03654126732327265,
2019-12-12,7200.7070180298015,145.02592545573296,14.713131417378417,0.03644246147404853,
2019-12-13,7247.350277010915,144.6187808332106,14.810220741564805,0.0369820831989132,
2019-12-14,7081.740255265727,141.84486515951662,14.367813089313644,0.03629930549531227,
2019-12-15,7108.563021778046,142.21086918955265,14.355063424677494,0.03639416759474578,
2019-12-16,6901.036915336086,132.72274321129302,13.453104925231127,0.03415195726700481,
2019-12-17,6627.162514553135,121.770107290006,12.355426118876021,0.03178175156971633,
2019-12-18,7274.768503792503,132.74136111736684,13.491954853443334,0.034291358200694386,
2019-12-19,7152.558691632884,128.0791538700726,13.307270666913366,0.032983787593688675,
2019-12-20,7185.439179630756,128.2701941791178,13.499499415457134,0.03389300095412184,
2019-12-21,7141.554857046259,126.93287325611249,13.289084412414692,0.03304829089300679,
2019-12-22,7488.196174601466,132.17746965077103,13.805614621722423,0.034285074571728094,
2019-12-23,7335.207616177015,128.16997170630987,13.314382463392782,0.033123126636812175,
2019-12-24,7266.60819662888,127.72559890360142,13.318980337418768,0.03384022560395813,
2019-12-25,7204.1848756885975,125.01870585042732,13.07505080457795,0.033355781449359564,
2019-12-26,7208.489307892152,125.61458431453704,13.142355683940435,0.03411089125585243,
2019-12-27,7247.62371236525,126.32718018933488,13.278340435460915,0.032982446135028154,
2019-12-28,7307.887522683333,128.0669874384903,13.671553543014133,0.0336692203576147,
2019-12-29,7394.029285530991,134.3236471998861,14.107027867793489,0.03411735080217509,
2019-12-30,7240.4289122518185,131.4621363838881,13.853563909099083,0.033403846673479655,
2019-12-31,7195.153895430029,129.18638529253852,13.716390519164424,0.03291192895521444,
2020-01-01,7193.7546679601,130.4846850311141,13.685902488392259,0.03336199817363285,
2020-01-02,6963.853353983485,127.04525801179804,13.00717054213436,0.032617854913203397,
2020-01-03,7300.34693530511,133.70264861844188,13.603275575206876,0.03396737105303003,
2020-01-04,7351.377053166627,134.1368826978575,13.794575234456074,0.03429831055059213,
2020-01-05,7349.972248050628,135.00571364233375,14.006360708388502,0.034426974000458806,
2020-01-06,7734.675515785289,143.80639795566535,14.900504443309478,0.03699861537001607,
2020-01-07,8147.415237636371,143.019432264986,14.969516286188654,0.03700031491468185,
2020-01-08,8045.789124592971,140.27393527388705,14.49911394271138,0.03622525504485451,
2020-01-09,7832.795643840387,137.86055928182662,14.402400294232802,0.03606813363312789,
2020-01-10,8180.513169803805,144.6047743464792,15.072651262021571,0.03704461838827698,
2020-01-11,8012.085781814529,142.18233327497873,14.897654836330961,0.03644230426734148,
2020-01-12,8171.401185320944,145.42287633530452,15.303621814103838,0.037372044999992096,
2020-01-13,8110.647964503772,143.58796905036286,15.162796266272917,0.03694314176800163,
2020-01-14,8801.871213137745,165.99143854583525,16.651217038759167,0.04128584833942434,
2020-01-15,8820.85010599613,166.2530969048888,17.659959590160472,0.042411480438429544,
2020-01-16,8720.91950137424,163.80590111423027,17.013462282038063,0.04149477270942618,
2020-01-17,8902.568995225329,171.15621787671842,18.06731694374428,0.04435018182495084,
2020-01-18,8906.902675151074,174.23837318258896,17.779565661603783,0.044812672747495216,
2020-01-19,8690.380569544623,166.6271059505621,17.354672097456596,0.04246575287233477,
2020-01-20,8631.253954333763,166.93852805776982,17.331768951043593,0.04320533822872788,
2020-01-21,8724.818622931474,169.27993585839258,18.105663770242614,0.04564428999104319,
2020-01-22,8665.436914096897,167.8265296405669,17.785287373025103,0.045344968823828,
2020-01-23,8415.956027335538,162.51937110634034,16.98120135034776,0.0433842987518649,
2020-01-24,8432.096675789418,162.40947975163584,17.025802918717087,0.04445290661489713,
2020-01-25,8348.665665079325,160.6736108617405,16.94388900899939,0.0435431200036232,
2020-01-26,8595.728298493115,167.6474095857562,17.436952810120008,0.044372587590869254,
2020-01-27,8879.335548714553,169.7364357354222,17.63534383459029,0.047306343705102775,
2020-01-28,9320.805853868467,175.19000305345378,18.056718711616835,0.05221221482241534,
2020-01-29,9276.893821086494,173.70688823620796,17.84868977674811,0.05318318965574728,
2020-01-30,9509.80513557522,184.72621843141044,18.574468214673352,0.05587289917517012,
2020-01-31,9308.060285564778,179.22910385240368,18.102591892792578,0.05384876459872832,
2020-02-01,9363.22420680057,183.33693755210257,18.146979940249174,0.055455548420960024,
2020-02-02,9338.416631939404,188.55064179431113,18.429785866197033,0.055766417933093095,
2020-02-03,9308.91270229121,189.86176346298166,18.469727776907344,0.056763986623298686,
2020-02-04,9179.95928107711,188.84220736948276,18.12227006043833,0.05599710396923617,
2020-02-05,9592.18387389791,203.8593183747095,19.184981739970137,0.05896099183018863,
2020-02-06,9744.636578159387,212.73341421352782,20.606359319469284,0.059792837110445723,
2020-02-07,9799.448455824684,223.27631974791998,22.124597241734357,0.05977410411537365,
2020-02-08,9890.701658194865,223.30077697426225,21.79557766853931,0.06015651138174843,
2020-02-09,10148.379719131783,228.29226083217347,23.919374909046866,0.06153145499449852,
2020-02-10,9890.121224019967,224.14699652028605,25.25283145161699,0.060256186685248236,
2020-02-11,10226.925769215322,236.78534852972567,25.67332747973676,0.06288978799430087,
2020-02-12,10328.897565836414,264.03276824299627,26.420489006558586,0.06729185193465648,
2020-02-13,10221.260309201634,267.6704445042514,25.40353101258859,0.06836530000108265,
2020-02-14,10320.157140513991,284.2318914741183,26.237614637148184,0.07032856354246741,
2020-02-15,9894.136123789158,263.8999463915962,24.066232472692846,0.06472612654514034,
2020-02-16,9943.673602578743,262.1562443168135,23.642234372603625,0.06285710908344452,
2020-02-17,9723.605026422496,267.9356656159883,23.57106008535937,0.06045176130470179,
2020-02-18,10133.817417084678,281.9457403055278,24.024721722374153,0.06254705922733717,
2020-02-19,9618.409248250406,259.1838037480287,22.251104060858165,0.05818171129947997,
2020-02-20,9608.16918128246,257.9883953048601,22.140091604747862,0.05777565653662186,
2020-02-21,9673.011800270346,265.1644591338591,22.12011683926348,0.05865822848701768,
2020-02-22,9658.606058375473,260.99654013152536,21.935212654010517,0.05839392327180828,
2020-02-23,9946.716123467522,274.6312157785517,22.871503770762548,0.06073456267572729,
2020-02-24,9670.9608064677,265.2421912203732,22.034127069698563,0.05935885557530342,
2020-02-25,9345.342701734848,248.31738139395102,20.38515618213182,0.05662502391878016,
2020-02-26,8801.657129472504,224.81050829744677,18.71084904799088,0.05064465595671338,
2020-02-27,8781.175282202359,225.42971511683754,19.12124747113437,0.049602674255913366,
2020-02-28,8717.331431359424,227.70528448376498,18.967838512147207,0.048926399932164466,
2020-02-29,8552.989118581636,218.34835692985286,19.316274350494563,0.04736417458731175,
2020-03-01,8567.802248679225,218.93979697447656,18.99084847186697,0.046172079440448384,
2020-03-02,8905.876104262194,231.67944604592213,19.869623866638342,0.048794270674382634,
2020-03-03,8756.718576742549,223.96011601810258,19.591985408563584,0.04864811457593409,
2020-03-04,8758.646993191916,224.13487737180202,19.998016534820184,0.04889845997466285,
2020-03-05,9038.870323233425,228.0809351016884,20.819562373865413,0.0508706766907552,
2020-03-06,9135.84506603321,244.23846951978683,21.32006190430721,0.051380435471976016,
2020-03-07,8902.20195010789,237.38079020191347,20.034630500318833,0.04923996466792674,
2020-03-08,8041.365538071835,198.81964228768578,16.8768661458687,0.04328449004181886,
2020-03-09,7921.33200691072,200.84687148188746,16.583534012655026,0.04161723666032623,
2020-03-10,7906.731528510632,200.74903854851766,16.885542526765494,0.0413982274117634,
2020-03-11,7935.522040170545,194.21794124025206,16.567936765899848,0.040066910703005464,
2020-03-12,5142.990459018316,110.5978978308351,9.472898274350825,0.023715965392713114,
2020-03-13,5542.819542373153,132.57285770180832,10.894970921051218,0.028339513929699127,
2020-03-14,5214.189112383918,123.030844108903,10.131278171005532,0.026047698238738294,
2020-03-15,5397.93335743919,124.60342553062202,10.385577077338656,0.026756995277093912,
2020-03-16,5032.501351487721,110.99159845334059,9.400670799774627,0.024346526372750345,
2020-03-17,5389.41577503409,117.21704138518466,10.334280501627655,0.025700793838345847,
2020-03-18,5376.280747845438,117.7004246469663,10.373602762410638,0.02583792069504759,
2020-03-19,6170.200600237675,136.81187578973578,12.253209773574119,0.030025358670093035,
2020-03-20,6195.603505257629,131.96469397290025,11.850720950684286,0.029563156863756747,
2020-03-21,6145.770891252399,131.94321845316688,11.99980746761872,0.02920966660001919,
2020-03-22,5859.647430299388,122.5205987665882,11.17898170597252,0.027299338945898356,
2020-03-23,6456.347485963419,135.58865798037067,12.10417697448936,0.029350724334646947,
2020-03-24,6730.173782371188,138.77657127268222,12.452973087703171,0.030292189964117498,
2020-03-25,6695.9006183977235,136.23392142176775,12.346023944979951,0.029553286311834504,
2020-03-26,6765.56207892991,138.76693759902926,13.213239119724385,0.030279069890362973,
2020-03-27,6397.826328325604,130.2865618875773,12.357103274977927,0.029051152675985865,
2020-03-28,6255.000398693634,131.42405214081145,12.217985512461317,0.029258974440926674,
2020-03-29,5915.337154791903,125.31887451568916,11.335800884890425,0.02813464997437409,
2020-03-30,6403.141235565223,132.36373895414985,12.186326182993438,0.029919979067588413,
2020-03-31,6421.70541388854,133.2364468438201,12.599921727906565,0.030115490879317953,
2020-04-01,6640.797666310131,136.21638557312852,12.729267987374852,0.031124362144469,
2020-04-02,6807.897017890566,141.4537053523866,13.080913345630146,0.03192383119673622,
2020-04-03,6732.852018394612,141.26154326644877,13.323786842399462,0.03190034091740878,
2020-04-04,6859.424923721944,144.200802681986,13.780459184615044,0.032559946978819546,
2020-04-05,6788.048272605917,142.8508834648482,13.709492551782219,0.03190115589416975,
2020-04-06,7297.635558289496,169.85504979336824,15.136323870581913,0.03515264045303116,
2020-04-07,7196.782202442051,164.5160197107307,14.659982501326333,0.03517699227028992,
2020-04-08,7342.291601148024,172.80356826747519,15.075401383425042,0.036138737022157766,
2020-04-09,7294.488875121554,170.09510352387568,15.028759187793476,0.0362387493283838,
2020-04-10,6864.694257006497,157.74015800780134,13.718825913499494,0.03355089410257256,0.9576058280146803
2020-04-11,6878.781212589853,158.32787794181905,13.82675861556279,0.03333771592009745,0.7847113148208426
2020-04-12,6913.158787469097,158.8638257195104,14.26511654964438,0.03350282483281884,0.8759944068917709
2020-04-13,6857.538537511484,156.70135879140688,15.045572860921823,0.033164582986299866,0.7867121945458646
2020-04-14,6860.17853570111,158.26715118298955,15.582720804249114,0.03308764126289459,0.666673390515131
2020-04-15,6629.431738031291,153.2228636800284,14.585948622691053,0.031854947221113185,0.6376210673084666
2020-04-16,7059.92622475854,171.7759907508837,15.666737861469233,0.03421573200401328,0.6923331250859114
2020-04-17,7035.261503989225,170.445890477055,15.616281099861975,0.034226800145962986,0.657449398309544
2020-04-18,7242.5109294929825,187.14354411560592,16.552955039683997,0.03617135075341797,0.6769721852162044
2020-04-19,7127.511949689152,180.05859654051866,16.04655015576096,0.03576446863266553,0.6094358389483635
2020-04-20,6856.456278354705,170.70405868653958,15.027804337444612,0.03403570805043787,0.5347904942320182
2020-04-21,6842.038597634602,170.45154288047368,15.096507864715075,0.034321463320175806,0.5728269210770057
2020-04-22,7109.995291181778,182.2767576620704,15.686738791246619,0.036251791946901056,0.6848872198147996
2020-04-23,7382.793144116689,184.59370248021838,15.970136706672747,0.03986515874644297,0.6217032788666345
2020-04-24,7495.393587498606,187.34336861419638,15.894827424185603,0.04137631150203629,0.6227650900853694
2020-04-25,7538.557687279841,194.11423682570447,16.237246136924366,0.042297048210688984,0.6470903181859691
2020-04-26,7683.867415083342,197.22990444623989,16.373952524617437,0.045321212289281494,0.6398628040694914
2020-04-27,7774.281554448049,196.46262535084685,16.412718663883027,0.04626131794267583,0.5683154806973284
2020-04-28,7758.230255185947,197.15473156634306,16.36205781128239,0.04683418909009339,0.6574283212299112
2020-04-29,8744.430287016561,215.54817266567386,17.39372140310465,0.05148004627020868,0.7411890135877649
2020-04-30,8610.63580374089,205.55600541063674,16.98087375117161,0.048008344969066724,0.693089721323073
2020-05-01,8824.818413551968,211.96829534904975,17.451782873526643,0.050066837336214594,0.7169539321663891
2020-05-02,8966.307014689282,213.94301121407548,17.519661263697216,0.050944071063612976,0.7124378933182761
2020-05-03,8888.671912686868,210.02470947464775,17.094938351330704,0.049620875210238974,0.6866098174679662
2020-05-04,8884.407813577056,206.8325342346069,17.01924643648172,0.04933056298412934,0.6728297405546847
2020-05-05,9003.240557621584,205.22517973985205,16.883233236755714,0.04943354443626274,0.6503081490988862
2020-05-06,9144.68703972007,200.25479450009442,16.51209313539124,0.049848709941183324,0.6194003582280405
2020-05-07,9959.166416261767,212.29247620086525,16.973507971075282,0.05167027721929279,0.6089398899298076
2020-05-08,9821.81131529702,211.68904835113835,17.17429638517618,0.051289723792858684,0.608939662026112
2020-05-09,9566.777187205966,210.4318181376063,16.831057985373022,0.051110669967212946,0.6017917957668725
2020-05-10,8752.617087745832,188.13722615896586,15.319104122325577,0.04763232409174676,0.541777928609612
2020-05-11,8604.75159101983,185.67471809740294,15.079060743079339,0.04778357884916732,0.5139234956267317
2020-05-12,8788.466749414652,189.30578181851274,15.737907614097121,0.04986014003783247,0.5333426539131136
2020-05-13,9283.08601265873,199.36937254304945,16.178744648828747,0.05190733864530212,0.5533191018747785
2020-05-14,9796.494527024528,203.21124699378416,16.354338338129395,0.0523289773867511,0.574281421724847
2020-05-15,9309.29535940684,194.27309778153102,15.665539932690042,0.04965591623553334,0.5564341957677822
2020-05-16,9375.29710843331,200.58339090310048,15.998854029229479,0.05078955490374222,0.5989661106774994
2020-05-17,9666.32719340344,206.76889403683904,16.280923203891124,0.051874033349081826,0.6159337448626931
2020-05-18,9708.439858793108,214.35764164526782,16.609872253376516,0.05330165179685109,0.6477344448774962
2020-05-19,9760.198937162193,213.68672021176667,17.167573323604675,0.055955048441401,0.6219357513498963
2020-05-20,9526.50759300584,209.9207882888633,16.881454352776174,0.05629641155778893,0.5795859352817158
2020-05-21,9059.962506871727,198.9175157507187,16.0669095726554,0.05255605041329291,0.6055660983994974
2020-05-22,9131.767275081993,206.22772963994552,16.425133794724594,0.05458098672313555,0.6149832258209792
2020-05-23,9170.361063506127,206.4112069583191,16.476266625185772,0.05502897778167245,0.6082201706733519
2020-05-24,8731.848525870651,200.69072858230618,15.992111456381426,0.05165813433464868,0.5465741722754689
2020-05-25,8883.691769863415,203.81011834234977,16.343638959558113,0.0534591223816944,0.6022304108336682
2020-05-26,8839.130663273247,200.96361540675866,16.222916082933914,0.053489647699239654,0.5731399463825178
2020-05-27,9174.118563996424,207.84589389085414,16.453060488158076,0.05513189797928608,0.5884004926151261
2020-05-28,9546.04563503715,219.59156405880168,17.0369406967339,0.06318170384699415,0.5721700884660958
2020-05-29,9427.120373393418,220.49116734603788,16.995852092999662,0.06440627090487543,0.5774323126967125
2020-05-30,9662.70587254818,242.70977026782677,17.74005658373599,0.07515173911855684,0.5858132380721703
2020-05-31,9466.961781429516,232.33100303896677,17.08047499174346,0.07445057048724268,0.5756770028863081
2020-06-01,10167.93069332851,248.04456658448655,17.86826730805164,0.0807648188667561,0.5789755237865244
2020-06-02,9515.243858655718,237.26532012867918,17.278144088449928,0.07845964190326127,0.565814320391003
2020-06-03,9645.227869360308,244.1253366100756,17.5321020358125,0.08460175665437468,0.586205470714686
2020-06-04,9776.20299178848,243.70782131595863,17.76777119114562,0.08759318165448617,0.5867553687536804
2020-06-05,9636.965527050057,240.24696898765103,17.64277721077558,0.08521898020086886,0.6569611049457513
2020-06-06,9662.858709002241,242.02164036721499,17.544231651455394,0.08617635377316928,0.6254174646400334
2020-06-07,9738.603356828593,244.22674439497985,17.3855854776686,0.08640404204550932,0.6193745553415636
2020-06-08,9773.02951309516,246.21278326044262,17.392401206538306,0.08645866868212641,0.6676807419152483
2020-06-09,9767.00531665552,243.8495266518988,17.35802857503161,0.08312707196318139,0.6554185232956307
2020-06-10,9874.898681832236,247.5419715295243,17.400270231856606,0.08357072206180427,0.6503617499580121
2020-06-11,9325.996856202635,232.00078536182022,16.314759849959252,0.07547795199985105,0.5719983046317773
2020-06-12,9469.533297509908,237.59341087744238,16.633166760636566,0.07941430595045662,0.5933564822995189
2020-06-13,9469.473456163696,238.29362910089247,16.8077330047672,0.07896191845138543,0.6088102028493066
2020-06-14,9345.960907722063,232.11252047744935,16.571572104684737,0.07649684896822592,0.586183105523133
2020-06-15,9431.719262201745,231.0170115525279,16.377795766770895,0.07826463754494828,0.5703312716454458
2020-06-16,9524.92661691022,235.28847948297147,16.41756493914464,0.07894369694119917,0.5850988389924333
2020-06-17,9463.361414311787,233.8636184621818,16.38942281312573,0.0833565563029465,0.5818481709972113
2020-06-18,9399.767217129216,231.68485732135008,16.16904727460514,0.08205913680156704,0.6199980008389199
2020-06-19,9312.780104497786,228.9592128032193,15.964316175348207,0.07976738379090179,0.6860916859440122
2020-06-20,9360.247968201687,228.8691487972198,16.05376830453166,0.07935360676409624,0.6445979846649201
2020-06-21,9298.360829121417,227.79190590968685,15.948151805705841,0.07834101698016169,0.6727477930583199
2020-06-22,9678.683208975835,243.36470999245498,16.493462868940206,0.08360934463584759,0.7271729644769215
2020-06-23,9624.684291831398,243.07948223903702,16.37632339031764,0.08276496254414765,0.7067336276588002
2020-06-24,9288.061774486938,234.5649846444734,15.994267023204436,0.08250248627891989,0.7362452622406327
2020-06-25,9258.667161007706,232.64870349961575,15.913795778184568,0.08162344153345734,0.7126894105564204
2020-06-26,9166.486360416233,229.6365260272679,15.760713523841984,0.08063290267381834,0.7407208653820945
2020-06-27,9013.90556467614,221.0260852973422,15.143047161776026,0.07745477240605046,0.7133553688193407
2020-06-28,9139.903276297824,225.12294616525017,15.366038526155645,0.08032049074677003,0.7987604659546775
2020-06-29,9185.166540651147,228.20576377381224,15.475919362097487,0.0837782373441704,0.8531268842862817
2020-06-30,9149.721996758017,225.59281496891896,15.429636809481364,0.08310769731892971,0.8592955544373364
2020-07-01,9230.672998590804,230.66194359094902,15.82008122659031,0.09609882582963368,0.8324592358815799
2020-07-02,9094.318072166905,226.57442434030435,15.351366990642129,0.09324866368231888,0.7746114788082067
2020-07-03,9071.3850427828,225.1764054804081,15.292613762872096,0.09627543371927394,0.7674704652113047
2020-07-04,9132.908369533492,229.09471646218861,15.55406577871271,0.09969379993052387,0.7811871083546776
2020-07-05,9087.407312582163,227.8993750381917,15.492049777777622,0.09832563128453738,0.6921876621707542
2020-07-06,9342.376492626678,241.52685187431663,16.31375648247885,0.1053035083626078,0.708409297313418
2020-07-07,9253.630980242333,238.96448054067793,16.77301864557116,0.11760844945010313,0.7534772552866666
2020-07-08,9432.172515827939,246.85900786802029,17.18878039611592,0.1298804110538667,0.7956141684819489
2020-07-09,9235.716302064242,241.97512857897888,16.819681237789247,0.12394192954780256,0.8504783390765865
2020-07-10,9282.913638839902,240.95495378293265,17.216878342022962,0.11844083928628071,0.9136373735709605
2020-07-11,9234.314674712627,239.10202554671358,17.614558389871206,0.12542533761849164,0.9215341890095095
2020-07-12,9297.479635872663,241.7715226007061,18.2822214187026,0.1268783734434242,1.0175269375576679
2020-07-13,9240.76251972468,239.63878681174097,18.38502672798852,0.12428834021463325,1.1787532874584385
2020-07-14,9247.060695963813,240.25147066847245,18.090037256165,0.13208128069379993,1.1483561946452148
2020-07-15,9203.371435179699,238.66359720631723,17.602996971592386,0.13044721590639485,1.2935475055510521
2020-07-16,9136.483376363976,233.837074562722,17.151995036741816,0.12597459085630233,0.8689184704805727
2020-07-17,9156.276583115488,232.78147743826054,17.079910599644585,0.12261975823084438,0.9818241501710889
2020-07-18,9168.402736564132,235.6811447764246,17.13579467205755,0.12263502818711443,0.9673182706042267
2020-07-19,9202.615839500108,238.89523167867932,17.964878581093124,0.12398989746577355,0.9224383437804942
2020-07-20,9163.159654576915,236.06009844538684,17.48010559244796,0.11785394775122499,0.8730589788162091
2020-07-21,9384.379751903267,245.23373502634252,17.739935559584133,0.12295235527435235,0.9763920314535465
2020-07-22,9514.304987626969,263.7624639660021,18.064678785451687,0.1237827759439597,1.0447246666635182
2020-07-23,9589.81771944117,274.7236202591814,18.679071364962475,0.12405530009127375,1.055806292137335
2020-07-24,9535.93879573746,279.42705624758224,19.174068633442023,0.12196350601214086,0.996204458635239
2020-07-25,9691.825138917147,305.0381394111965,19.80752853012818,0.14336838253068768,1.250866425449966
2020-07-26,9925.751397476346,310.51799095173624,19.520963080493125,0.14835594634623203,1.597026052950196
2020-07-27,10962.258481207355,320.47619130968184,19.68213941131244,0.13793351401607168,1.7769558120449132
2020-07-28,10904.916526918994,316.4067660520556,20.159614377404264,0.14825503834148304,1.7839631352797094
2020-07-29,11093.612240442404,317.5390729161191,19.872261286815668,0.13964887973262488,1.6571919291258759
2020-07-30,11116.307163685275,334.7419220365616,20.031460865664172,0.1408995400024149,1.688418732306239
2020-07-31,11325.5515272739,346.00350607288686,20.693955717192168,0.13914532295246507,1.538097031663773
2020-08-01,11812.094307268515,387.94242117124685,21.602045818170808,0.14481025934661704,1.5331373954293075
2020-08-02,11066.306240590267,370.7323024312388,20.907934984515915,0.13373233004057936,1.7460156741727715
2020-08-03,11230.907762749297,386.24744771780877,21.95591965275125,0.13701513906207086,1.8003636805602121
2020-08-04,11181.917508034885,389.3830083498991,22.262851677672508,0.1427635983040935,1.897307254698148
2020-08-05,11719.26352395155,400.18436250317995,23.258103117077056,0.14254911094068604,1.7611833194175444
2020-08-06,11768.127742240009,394.5417454611831,22.727115837134946,0.143830276386743,2.2019224919095755
2020-08-07,11571.487980683192,379.1351558498163,22.19926947187335,0.13864502806327936,2.073120413084232
2020-08-08,11739.131006414418,391.47843864211467,22.868892057353534,0.14572113584329605,2.473401784088845
2020-08-09,11682.851469154939,389.62293111291143,22.42038767132576,0.14490166488746986,2.659002831147767
2020-08-10,11862.938012702563,395.20991365718925,22.57428903780444,0.14330600013150213,3.135883738986437
2020-08-11,11398.671060896633,379.17476395275435,21.133878144094165,0.13709153191550913,3.264869117899598
2020-08-12,11579.867951602135,387.50053082397886,21.60059011305779,0.13654137240996128,3.7413879301300477
2020-08-13,11817.164038803397,427.49026536796873,21.76114130202024,0.13934430136552997,3.733675412574768
2020-08-14,11777.391322489924,438.7625874702974,23.024404503993193,0.13825948705473937,3.417497219987532
2020-08-15,11864.905810156475,432.6546652389318,22.90796258336114,0.13823721599011335,3.173195437376957
2020-08-16,11901.776488302461,433.43186093211244,23.47471960773288,0.13876880982976605,3.3852267282077353
2020-08-17,12272.465808160425,430.03250508972275,23.52633097478227,0.14066093296166526,3.103088944314995
2020-08-18,11949.610970628193,422.10665286599425,22.97380165407701,0.13702646573422966,3.331062075226566
2020-08-19,11733.278970862082,406.5744691821068,22.307582956985765,0.12943229880582274,2.8961310680437595
2020-08-20,11861.83657727968,416.46977582279794,23.07262944423247,0.1342025581766098,3.2065025821939535
2020-08-21,11515.124298729217,386.8238914189483,22.094652464902527,0.12261719847765214,2.9331894135899335
2020-08-22,11676.385305081287,395.88501828908585,22.175839292385888,0.12531555685950455,3.0217655955968654
2020-08-23,11647.928120934363,390.7891350477376,21.837617728162876,0.12160888158106746,3.3299340513884106
2020-08-24,11758.828120368864,408.2691456317229,22.571494222389706,0.12369254695958502,3.3397770443341135
2020-08-25,11350.753473213,383.66214311829924,21.452477453617824,0.11263109834364941,3.2612416074765753
2020-08-26,11465.002564032086,385.75249987492117,22.225939657310363,0.1144606140436145,3.5510669414297205
2020-08-27,11300.398363810944,381.8376513210842,23.071884718613457,0.10683596306265304,3.430616121799528
2020-08-28,11519.118388160729,395.1382132386204,23.06537998016267,0.10921266508420925,4.011416157428157
2020-08-29,11481.481823317012,399.374543834064,22.991704969773377,0.1166042236595269,3.972282229488827
2020-08-30,11701.004008657852,428.2956791635218,23.62291042617998,0.11720776600238383,4.436663533464179
2020-08-31,11672.324104943627,435.6930232991007,23.163433626535507,0.12213967054745463,4.7944618494720785
2020-09-01,11895.225345345636,475.6846642626859,24.666511939506307,0.12445625402929679,4.304353616338777
2020-09-02,11418.254756916149,439.35376021531494,24.64635903957026,0.11549344683669856,4.176224469342381
2020-09-03,10197.459822768922,383.6915311779978,20.516723360580535,0.09505879566939421,3.5139711518755092
2020-09-04,10484.470392265588,387.9040290939166,20.967279424968797,0.10313467948399978,3.5407174542293283
2020-09-05,10177.789718049991,334.46859301354317,19.40743243842831,0.09043816075003416,2.5951717114056416
2020-09-06,10260.0177277544,352.99300214607035,23.236376313822095,0.09296928225595855,3.087153751704757
2020-09-07,10359.445216989981,351.8778602923998,22.31487527882162,0.09317387512933903,2.906438017628754
2020-09-08,10125.014956069688,337.84505193506857,23.00880342091523,0.09125603638991188,2.4742806348861026
2020-09-09,10230.154699360752,351.2322670832359,24.486045253548028,0.09325309155180106,3.6343703512897685
2020-09-10,10342.159391205681,367.63892881000675,24.41384260442618,0.09706045015866162,3.453090001140051
2020-09-11,10378.223044584596,373.9149059897517,25.389281087797873,0.09691705074914046,3.4462085226704344
2020-09-12,10439.38467226404,387.72351629002264,28.453207780628457,0.09766100338612642,3.3326620873211703
2020-09-13,10328.866065987393,365.695506306262,31.117471967379696,0.09501920622465607,3.22479831179511
2020-09-14,10661.096235144483,376.394561113407,31.213230898254388,0.09686444656720133,3.2623912097330243
2020-09-15,10787.58020807624,364.6900450860686,27.17624422268861,0.09339815141227986,2.931693208266334
2020-09-16,10952.249969107099,365.13055081164816,27.85508077250597,0.09129471151418299,2.5494654060917625
2020-09-17,10937.996396960929,388.7974562319938,26.791783085251982,0.09403597862335263,2.919199303305689
2020-09-18,10927.150310293275,383.17286599152135,27.09515766101024,0.09086106367043356,3.084079827098842
2020-09-19,11083.99836119821,385.4721234936851,27.202934633274253,0.09156776201769849,3.0147288973338715
2020-09-20,10923.32666818137,370.9678951624775,26.429360501624764,0.08924604426453794,2.8679582577061704
2020-09-21,10439.522488792423,341.27713087183076,23.533250188050296,0.08036695005952045,2.77366022930038
2020-09-22,10527.58784673943,343.9175471009491,24.026975887077135,0.08144309751741197,2.9402155138255073
2020-09-23,10223.784106392732,321.0774351739628,22.810300091418643,0.07662771823467814,2.8355005874806776
2020-09-24,10726.530083321983,348.8210199785493,24.518301019222108,0.08260669221175199,3.130126407105003
2020-09-25,10681.993848113701,351.3315670221176,24.625905335253822,0.09679112941653688,3.191006049537429
2020-09-26,10743.19287975935,354.2615819143104,26.17859218285808,0.09573509661982581,3.1351452155696546
2020-09-27,10765.300521660893,357.0664364067552,26.194385294610697,0.1013519284525498,3.1659948849500643
2020-09-28,10672.02854425897,354.4295835375506,26.849458383572696,0.10010350475850928,2.9557751507195418
2020-09-29,10837.516586513004,359.4260895383702,28.78426116230888,0.10127070801967165,2.945119038534579
2020-09-30,10770.881347466415,359.59898475085777,29.241127996475694,0.10104054643998467,2.895851723928607
2020-10-01,10627.976063963179,353.1978481381707,27.45899928250056,0.09806671538460612,2.866125781133827
2020-10-02,10572.674843011133,345.9125682279143,27.247630487625198,0.09284100244017128,2.6289039111067782
2020-10-03,10546.65625537982,345.99246319342933,28.220218346273406,0.09330816889143195,2.5536378078057957
2020-10-04,10670.700811335208,352.4588065039611,28.97366756673542,0.09719180855471275,2.522557078453714
2020-10-05,10784.94940309411,353.6044273109067,28.602977522670532,0.09741456964273908,2.652751429083878
2020-10-06,10605.95779130622,340.6160218128092,27.67315432044839,0.0928423176438943,2.174595988147619
2020-10-07,10668.011010796896,341.4437964782809,27.6740125866321,0.09356108675917339,2.290102499091077
2020-10-08,10888.666546835811,350.0556765681245,27.691576992362418,0.09623242148989788,2.3626573108302025
2020-10-09,11063.2523862591,365.33944481939363,28.389814112971795,0.10190332726907707,2.539492735094531
2020-10-10,11286.541942043945,370.4718109734285,28.261506530043167,0.10496844022812941,2.4055686376579755
2020-10-11,11377.814876756858,374.4970150925736,28.50595190903315,0.10630428637650947,2.418105545958514
2020-10-12,11543.183760771468,387.25555835657167,30.676137430260255,0.10979372195623706,2.5835814456344366
2020-10-13,11426.105544220427,381.16877389892255,30.68552818912381,0.10903356749862499,2.402275768916289
2020-10-14,11435.57243757972,379.21025376092774,30.875864202483214,0.10751534652143115,2.3191536796804995
2020-10-15,11495.584995733887,377.15868107868175,31.223457537972482,0.106442167300672,2.268549825333015
2020-10-16,11319.097785677623,365.9906423831468,29.98035105529841,0.10407566612724076,2.1410969900561
2020-10-17,11365.814131026178,368.6504703636898,30.235066947647304,0.10605877277799808,2.2035632012257804
2020-10-18,11495.899975689872,378.0493653237596,30.644145203919706,0.10747169602209264,2.2119210242084533
2020-10-19,11752.146863919786,379.6394773321801,29.90917535537419,0.10882093969874612,2.056854398926332
2020-10-20,11908.708923246453,368.2270142350454,28.77423158490161,0.10227179791615577,1.8858859870466809
2020-10-21,12806.435726727443,391.16674217757225,29.64098750680126,0.10578746134929869,1.8809689528028195
2020-10-22,12951.044060038126,413.2018903361906,30.56860046874098,0.11035608652226102,1.9538868465951076
2020-10-23,12928.072296348406,408.88948864371923,30.599483406452123,0.10793430919151047,1.9571745339461706
2020-10-24,13106.04601925958,411.95921775305027,30.55520055873557,0.10797112088057405,1.9125348373534423
2020-10-25,13021.410842124118,406.157094148215,30.068355994769256,0.10627152675491035,1.7910124551194946
2020-10-26,13060.79221208406,393.38290839224464,31.1111601710148,0.10326744484141924,1.6848007548575634
2020-10-27,13655.185415883081,403.529837833562,31.58005214568201,0.10268695013235878,1.7159415073624318
2020-10-28,13282.999348292438,388.87733988207765,30.383164679303057,0.09894440345935084,1.5185434311695507
2020-10-29,13441.878496031612,386.4460129872924,29.821938544896494,0.09526656084285419,1.4288466908519226
2020-10-30,13537.174271524887,382.9007710380906,28.497481230781414,0.09319045908493369,1.4406457973488311
2020-10-31,13778.637638352931,385.8445887975079,28.38586753473156,0.09286959263589264,1.5355514530581402
2020-11-01,13720.361465146289,394.9363420491719,28.383207088910694,0.09774698991267801,1.600572441974701
2020-11-02,13558.361795524168,383.8498034220404,27.901510425164563,0.09245315428693958,1.4752353298018694
2020-11-03,13989.976358180447,387.616373722075,26.860327392329477,0.09363108074309147,1.4126356428447633
2020-11-04,14101.716050813722,401.7330968324722,26.850364190385715,0.09537743761032992,1.3933070455135532
2020-11-05,15553.331701081443,415.9277704309719,27.66041204370796,0.09750582263266826,1.4057083583738634
2020-11-06,15548.312145063144,454.6515430984697,28.931312481044976,0.10889010252200101,1.9259691495315499
2020-11-07,14818.45891122149,435.4183540833094,27.694902163595472,0.10135335959810736,2.032391502844419
2020-11-08,15496.316149147417,455.3583669721691,28.272832381802676,0.10639524787907102,2.155344889638131
2020-11-09,15335.342198178862,445.0512933420698,27.97764626336301,0.10536606593238362,2.0285116039511935
2020-11-10,15278.70965979927,449.8161845012962,28.15111180787262,0.10562814231721475,2.252786688117921
2020-11-11,15686.905986213233,463.18087172032307,27.939048497406986,0.10580327053440874,2.000194697094851
2020-11-12,16265.149252483357,462.2056195794902,27.5443138396036,0.10437917506429249,1.896790484098796
2020-11-13,16326.81487507908,475.9690936576015,28.19283500399967,0.10630123438366175,2.017595353872823
2020-11-14,16095.561510630652,462.7183970607933,27.953819650024514,0.10430680876088493,1.9198208087780548
2020-11-15,15984.673784156614,449.2068016397434,27.601590116985903,0.10073652624425576,2.0406791308120753
2020-11-16,16714.40386322188,461.3711967052673,28.02227380326721,0.10390459523039743,2.2623589978442378
2020-11-17,17651.82042768171,482.1983847235396,28.496923304737354,0.1094852464363196,2.197190778740227
2020-11-18,17829.934958345126,479.43766136247405,28.069265692770117,0.10676304287616935,2.117886192370405
2020-11-19,17819.75743096837,471.31795839441156,28.046442178358358,0.10580308745480436,2.070684202084601
2020-11-20,18628.813489036198,508.79221458524455,28.851114684946694,0.1176356652567512,2.099258903106589
2020-11-21,18689.528655825852,548.842116249849,30.45155540675402,0.13273132188323303,2.381429683264949
2020-11-22,18390.61184379203,560.5088874583059,29.977302281631136,0.14527293189697002,2.151813535476351
2020-11-23,18360.693300385865,608.2733109189421,30.89436317605904,0.15357163877237542,2.273388487038822
2020-11-24,19091.524181728702,602.6662623938871,33.74014404645124,0.1667999803907806,2.2599141412129526
2020-11-25,18753.288921684914,568.2751530404493,31.38573384098398,0.155687562647238,2.2646129983306857
2020-11-26,17138.029512395206,518.4670452162002,28.1837367602019,0.13746123800447346,1.9019050448221404
2020-11-27,17140.27555252362,517.5530264056014,28.488120962645503,0.14063947526168993,1.8592629872719064
2020-11-28,17718.972832629497,537.3926120944484,29.11177305406224,0.16471768109030216,1.8903759559939506
2020-11-29,18169.95420978285,574.7511196548439,30.112082957074602,0.16640238714566252,1.9133429784467306
2020-11-30,19609.52143957559,612.2637856122055,31.24495320461204,0.17050059426844394,1.9652469851002097
2020-12-01,18857.417371118165,589.5818443540976,30.13356223771369,0.15621673213950765,1.9821155844306726
2020-12-02,19208.398191994624,598.760610095824,30.28595059031463,0.1589713044398139,2.1173819608613713
2020-12-03,19435.20484740911,616.506661565682,30.651721259347816,0.1640449778416628,2.0967513186152114
2020-12-04,18711.226549886927,571.1904316349736,29.155130399136517,0.14905487309269666,1.858485553374542
2020-12-05,19139.111575237486,595.9194139680376,29.723248921747913,0.1595540768382783,1.9786603345404
2020-12-06,19325.55411859109,601.9689349244918,29.486254405064596,0.15864407111439532,1.851301551500301
2020-12-07,19198.806493935343,592.3865066820175,29.354914757958692,0.1541612220757159,1.8306335885715757
2020-12-08,18336.514581297808,554.329674302381,27.667851740939597,0.14134787188137238,1.6703686172523906
2020-12-09,18564.986455688137,573.8953091099941,28.195810636033865,0.14824925464106553,1.664937350328642
2020-12-10,18262.058384653155,560.4542654076048,27.69850463380029,0.1421819715953808,1.5765078909674242
2020-12-11,18058.027339569555,545.9828352633687,27.38615040178182,0.139701439625223,1.4496692801969542
2020-12-12,18807.09540322016,568.3587534073821,28.159466955082408,0.14423279338740513,1.4908497129487033
2020-12-13,19151.13442340493,590.3244403029342,29.050455885619403,0.15385145330936753,1.5665711036119
2020-12-14,19259.97047153096,585.5418949360015,29.970133365239445,0.1577037017752295,1.5904572145316247
2020-12-15,19432.362456862407,589.0668316450424,29.52575816379816,0.15412399322845466,1.7529676467046862
2020-12-16,21317.66213678684,635.9618893796135,30.447252032239604,0.1676352256301242,1.779209478837656
2020-12-17,22805.65580598891,644.0652701929779,30.151922995708784,0.16336554662335556,1.677764317256101
2020-12-18,23120.57055156752,654.4204162965752,30.953680574171166,0.16497009597169981,1.6997785608559872
2020-12-19,23863.85484171969,659.3188076372094,33.28571226126745,0.16472587158747462,1.6683085585940913
2020-12-20,23518.31842054723,639.5154368778184,34.189928969618464,0.16204943128942723,1.5633483514359
2020-12-21,22840.991707188354,610.4270278980672,32.303139741057095,0.15369140336200576,1.5434205371433634
2020-12-22,23794.79330262859,634.9797234431858,33.50989058105248,0.15707978399473488,1.4928837701687971
2020-12-23,23308.12723217715,587.9588954992439,31.298017131206112,0.1384300242564514,1.206243024482621
2020-12-24,23760.287048542956,612.8796570505974,32.49695050936928,0.15286836000591694,1.3634590117032817
2020-12-25,24671.107714415415,626.4567387784558,33.15766052669594,0.15734710950345682,1.4458848057739127
2020-12-26,26476.130137019492,636.7423171944997,33.51240176627666,0.15833088439062232,1.3282607978532563
2020-12-27,26423.22879190229,689.6598573269875,33.49744381518995,0.1549701235272453,1.3065401279822344
2020-12-28,27125.384120651503,732.9570292975275,35.916069082572335,0.1776971739574475,1.5191282501080419
2020-12-29,27424.538954606684,735.5908981625738,38.83756963362207,0.1928756629935067,1.6760685346336837
2020-12-30,28837.28852895899,752.8559324490188,38.1509269709647,0.18449303575089104,1.5378390877377932
2020-12-31,29022.41839530417,738.6169381520413,37.39459108952269,0.18207113290025115,1.5158074963117758
2021-01-01,29352.12679194895,730.1473402196374,37.907080194787994,0.17567857930628164,1.8411408764785613
2021-01-02,32163.824935335215,777.6960653039432,38.3407827710088,0.17818495253814118,1.802628913180411
2021-01-03,33008.226203489285,967.0005967288458,41.073833461872894,0.20503724018152042,2.14770799035378
2021-01-04,31515.575966658354,1025.6547675669035,39.96291375628447,0.2188884921904594,2.4217846067950366
2021-01-05,34082.20604904424,1103.3582516225742,41.70002777344284,0.2592124040314695,2.1618689571522256
2021-01-06,36933.520137309126,1208.5750928728885,42.18286284478925,0.33184097349646713,1.9231854639663055
2021-01-07,39547.08408135567,1229.4713150147782,43.399503661775,0.3005428519135833,2.3674092848829695
2021-01-08,40815.96185478254,1223.7296883535275,42.46668009933768,0.30794772938923115,3.2344821232005927
2021-01-09,40296.5290038294,1282.979575527323,44.009471856745336,0.33306999365805395,3.3885883690214627
2021-01-10,38397.895985418174,1267.7310031512136,42.58410098557694,0.306214441004005,3.4737322317991124
2021-01-11,35669.90668663349,1092.9143378806064,38.45392552379035,0.27651184814117397,3.1076274895234994
2021-01-12,33938.33587810088,1045.406815230412,38.11427219614462,0.287840175861167,3.58676467736862
2021-01-13,37456.00772548642,1132.0155910164729,40.22565374012507,0.31134991468664336,3.520762208941768
2021-01-14,39232.74997140346,1216.9147884634556,41.76107527446097,0.3101366394448269,3.2781934892090505
2021-01-15,36787.52121668496,1171.8600177046465,41.00211347628559,0.30257532244161894,3.2557793953909067
2021-01-16,36254.713079410845,1234.6318700828049,43.228026040119325,0.3522503951510311,3.451865500376336
2021-01-17,35804.263885674685,1229.379698072007,45.611289376230275,0.37968796024672974,3.81598415593309
2021-01-18,36595.4647692826,1255.976691513213,45.26255345762477,0.3696509940325456,3.7751466399459668
2021-01-19,36104.86385775514,1383.4840902277115,42.9091445016058,0.3693457419983242,3.641431311969665
2021-01-20,35587.489202735545,1385.8529958752583,42.516660637481856,0.3763115739575005,3.729115837327082
2021-01-21,30913.695736053804,1122.912432537305,38.76373900578527,0.311240182830754,2.9988114745903562
2021-01-22,32957.908782655926,1236.6834427536564,40.76713000700509,0.3511613639040078,3.341360079142882
2021-01-23,32068.08737440817,1231.176379704471,40.77664235619435,0.3464554739144793,3.5015683031312848
2021-01-24,32273.51735032927,1392.5397634449737,41.84754636819086,0.35209629856051367,3.63170707484897
2021-01-25,32375.320062981456,1323.4295031020106,41.43889066736872,0.3443612535369296,3.7139996330041947
2021-01-26,32582.10944502123,1355.233724240999,41.53699697144749,0.34389780984225143,4.032884053809296
2021-01-27,30445.52586511351,1253.141671558609,41.0620061062751,0.3123153604650019,3.699511535159664
2021-01-28,33128.34752861149,1328.773619066556,42.39337274825129,0.34463217359695725,3.817402068465168
2021-01-29,34150.81876737221,1380.2842591352105,42.73677104822648,0.3475197098777403,3.8643485930849732
2021-01-30,34199.51981036302,1372.427228964234,44.6166614363188,0.36048067269930434,4.233485772671465
2021-01-31,33064.78676701507,1317.0474362291777,44.248361111646936,0.34567339342407216,4.263968588843047
2021-02-01,33405.99035714327,1368.6644548123775,51.466236533833346,0.4014135429277523,4.594574802707021
2021-02-02,35485.98593382442,1514.2251957516528,50.912193432972956,0.42529320536520604,5.257321084771443
2021-02-03,37494.71762460426,1661.000824367477,52.31846242135783,0.44121581461457365,5.721470793794539
2021-02-04,36816.50808203406,1587.8008991859367,55.7736236256377,0.4415987967960127,6.41624673360909
2021-02-05,38007.83222908396,1724.8569083393102,68.33895660447845,0.5385518589400373,6.706647732382283
2021-02-06,39279.41286897885,1683.941297865053,72.63187897909684,0.62635697398072,6.117657911972685
2021-02-07,38833.34026455532,1608.6405479857196,68.25050171789643,0.6594719394352474,6.657339688114339
2021-02-08,46307.57412159395,1750.997553719215,79.49801888923349,0.6873068371578556,7.908749783879188
2021-02-09,46569.56483,1769.053533934599,107.73553377385184,0.7059190563060789,7.84013833144138
2021-02-10,44848.69344950499,1739.164209004836,129.13361191797475,0.9239854497397343,9.021720125352658
2021-02-11,47815.96175554316,1782.5088691218523,123.80544465729103,0.927712152275745,9.200179305161805
2021-02-12,47414.1862550079,1841.1977507032907,136.48052145554178,0.9232752043586164,9.228804888243197
2021-02-13,46941.29208582354,1810.8425457323726,133.322626656125,0.9039954754716988,8.713969623823095
2021-02-14,48607.8745224845,1804.9841464366498,136.61474253248164,0.8503794813667799,8.727632198363525
2021-02-15,47898.487027633135,1775.758351701864,129.37501831256412,0.8600617955345385,8.847305421008814
2021-02-16,49238.13690672487,1782.5753090505934,129.7750465728749,0.8746051613561255,8.30280602969779
2021-02-17,52143.6788446198,1845.5739221567521,163.62267032634747,0.8887320746562535,8.231931006463842
2021-02-18,51733.075539032034,1938.5694368074617,194.52978782045926,0.9127152054579659,9.01266263252076
2021-02-19,56038.72775892988,1969.9797177628186,338.06613613445165,0.9331549494994794,11.440869401894185
2021-02-20,56377.63347790987,1929.367692879665,257.3900907544965,1.125679550953505,10.044733825464117
2021-02-21,57669.3035269179,1941.4267676797988,295.6003537806796,1.1045825826681024,11.113402936910099
2021-02-22,54410.85629451601,1788.6152102806425,268.3919967635501,1.1031371687829759,14.423730533387301
2021-02-23,48691.894831704405,1563.9246059011416,228.72434783295716,0.9557803324164977,15.15827794507358
2021-02-24,49849.378713583144,1628.391533792655,255.4767184097597,1.0588493273684532,17.471803640467495
2021-02-25,46992.665450048495,1468.8601037286776,235.367775596686,1.0769141206846373,13.811009065584933
2021-02-26,46551.48747675472,1450.988746804119,221.91199852607065,1.2450616886921637,13.668935958977311
2021-02-27,46653.52639939581,1480.1295768477528,226.72686576597837,1.3428086739147602,13.310965118755187
2021-02-28,44970.163459946736,1416.661552837565,209.7755560977119,1.3032197936512573,13.030769065831386
2021-03-01,49787.33995949672,1570.3996896340539,256.1825241472202,1.3028526075622868,15.030085685643074
2021-03-02,48532.23678981703,1497.0891042633873,240.93415136962906,1.228823419292327,14.010086254280449
2021-03-03,50577.45746915202,1579.4271687603093,241.75975167975105,1.2196969639873494,14.131003508942642
2021-03-04,48727.45120080115,1546.4996211167372,230.26650905990243,1.1178174311813185,13.115024093723461
2021-03-05,49091.81488232977,1539.0484290947375,226.9398478508591,1.1647617398711405,12.63107017877297
2021-03-06,49019.36859236582,1661.9279698998157,226.65626759661149,1.132986057016409,13.068095512982284
2021-03-07,51313.09262027362,1727.463096224567,240.0619974599154,1.1368141994089112,13.917187045269639
2021-03-08,52328.5359126325,1837.5330305439452,240.61622414964333,1.1233299872828357,13.640225836910282
2021-03-09,54700.273439277444,1869.3311016255,294.72023395611154,1.1887464492963455,14.866607085296575
2021-03-10,56020.4877195857,1802.3110916881178,278.40134011560883,1.1354441106096025,14.233539653620891
2021-03-11,57788.86810329514,1826.0574768119818,288.4728386043209,1.1282646217609689,15.976571418630938
2021-03-12,57353.86147197248,1770.9361793697751,264.080531574575,1.0366312750554578,14.598623129754035
2021-03-13,61315.197932766816,1927.7207203999014,277.1037454812445,1.1022266932718396,15.318478663846857
2021-03-14,59428.967566027764,1866.0715447008808,265.97402356240656,1.0647770640531313,14.567314052136112
2021-03-15,55805.32924923426,1791.047851830107,253.49929241289573,1.0313636409049007,14.163365885178607
2021-03-16,56830.253335076224,1808.5512173614395,259.05040404323574,1.2457256808694213,13.689313740219452
2021-03-17,59014.92563205099,1828.7548332342565,270.92343249137247,1.3830039530574736,14.277756264275158
2021-03-18,57922.40959262911,1780.1596459528505,262.65199569448845,1.2367141494244955,14.26867567597296
2021-03-19,58243.27060892363,1817.1329628084297,263.57879484349144,1.3019540528542999,14.182866696542028
2021-03-20,58376.15847137206,1817.8601431294944,265.268468060338,1.20742530325912,14.275804030345455
2021-03-21,57573.539344778685,1790.3780747526928,265.0540332337827,1.1892303146494605,14.306229754951788
2021-03-22,54370.137557895185,1686.8911971580417,256.94864890376607,1.1068807388708692,14.870337482227853
2021-03-23,54584.86994699455,1673.8591835627929,255.27786787587382,1.127048197620845,14.194567786228824
2021-03-24,52526.86659704657,1581.631055931366,248.3507195782589,1.0614525089773315,13.60393816401807
2021-03-25,51416.908304980054,1587.2979641585232,234.2370384788448,1.0970046944351481,12.964522758314372
2021-03-26,55033.100480447036,1700.3668693581185,254.7015843221757,1.2125889914628833,14.749054072098563
2021-03-27,55832.418109618324,1713.8378756834459,269.39591320216624,1.177853606059956,16.56643725364522
2021-03-28,55728.10132780653,1689.0367982059097,268.6806004111688,1.1911259337144882,18.008069673329885
2021-03-29,57634.92869447539,1817.626388088868,274.95685604326087,1.2009593992210437,18.884890865843666
2021-03-30,58668.628336761,1840.294951985396,309.41128497847706,1.2113713624549767,19.175755751876615
2021-03-31,58817.3738884188,1915.8325358462234,302.74519342468096,1.1921924669843982,19.48663194355817
2021-04-01,58801.194843878126,1970.4711995232753,335.83418525299265,1.1834326364912569,19.05545051591954
2021-04-02,59060.02678333801,2134.101788297294,336.95153098017545,1.190365048482589,19.73831924627352
2021-04-03,57060.40665471088,2016.6672472930366,320.53878118767074,1.1657363156624991,22.598963045163597
2021-04-04,58228.802623466196,2077.755212422407,349.04540444084336,1.1834195167997104,24.02282911560326
2021-04-05,58706.81559311396,2097.7963827792596,367.45802723081573,1.2138169649551138,22.942985835974703
2021-04-06,58062.17872433649,2115.0554517461082,404.4605067817102,1.255331700688716,24.989549183579577
2021-04-07,56134.41738866435,1989.1480619041722,377.00503501889756,1.1771597102783828,26.674732954277772
2021-04-08,58065.644024815316,2081.3540625398964,418.1377217019414,1.2299092109601504,27.00514637240972
2021-04-09,58152.993262141834,2069.6677960855295,451.21085727443034,1.2043891358213494,27.784698122914115
2021-04-10,59979.39281571831,2142.7960653929085,471.8358234440816,1.2177235066359833,26.833966062021243
2021-04-11,59988.02095852983,2150.2651427927744,522.9036942041708,1.2648247544248652,27.817769827309405
2021-04-12,59911.020594847316,2142.476275865736,598.5534973410056,1.3197904293394769,28.523980512399998
2021-04-13,63576.676041048275,2304.3435163110134,553.1237144074748,1.4224471217489127,27.569507268014537
2021-04-14,62807.12323259299,2429.6615277515734,541.5605143363395,1.4561052030119335,26.451516360520532
2021-04-15,63179.772446084695,2514.1684155812304,542.999425037437,1.4780712966375846,27.82949194313198
2021-04-16,61497.299569441195,2424.5538447081194,510.8238324398561,1.4124246290475462,25.280265043287386
2021-04-17,60273.86667694734,2345.266962776132,516.786555529572,1.3738415612752395,25.01097915337799
2021-04-18,56288.94534001195,2245.7607533508544,480.4177527813873,1.2783030449596209,32.43000666656829
2021-04-19,55721.166052695626,2168.032726735651,503.64777746828946,1.194858148474349,31.72514830005086
2021-04-20,56294.728558586925,2324.2846872281943,580.458871224804,1.2597323605466642,31.687792724714733
2021-04-21,54190.07026283405,2373.501344298211,550.8887930884299,1.2092168286239078,32.31362189326206
2021-04-22,51965.5664304852,2426.0711497906045,513.6206365996485,1.1491945493673954,39.04180159309067
2021-04-23,51191.1246964079,2364.2312036020908,527.7805404253345,1.1566286917601423,37.066889704359156
2021-04-24,50133.1073963654,2212.8437976342047,499.32327439489393,1.1110808206966274,40.74492271990316
2021-04-25,48981.4413932161,2307.35532084471,506.04730740984775,1.0846330548696723,47.66158942345178
2021-04-26,53978.80554728962,2532.3868028851084,533.5835251560673,1.2346524846888531,44.4964806617465
2021-04-27,54991.81484262107,2647.158189660288,568.9669199054099,1.3051147413790254,43.21796539788754
2021-04-28,54810.6138506792,2748.7845851218613,562.5777797510267,1.333556355988168,45.039620110247284
2021-04-29,53596.70402266675,2757.497552304977,599.878911764389,1.3151260010143138,42.5819452001649
2021-04-30,57828.511814425874,2776.70371169874,624.5765352142118,1.353730164193398,42.995296352215185
2021-05-01,57812.96915967891,2944.9169473185057,619.030889354574,1.3537288097536035,49.663394135648275
2021-05-02,56600.74528738432,2953.2973480804735,622.5877665982661,1.3280888220098832,46.93452854649153
2021-05-03,57200.30029871162,3439.8550695192603,675.0989738046136,1.359142632925402,46.08780894588962
2021-05-04,53464.37021950372,3245.663148933579,608.6328978666735,1.2779659806591444,42.70189409565587
2021-05-05,57432.100227087576,3524.562728476055,651.8302379358385,1.4802017889602712,44.893093488124
2021-05-06,56507.759439869595,3495.0758690360576,635.5432986217273,1.6581492633491175,43.43782697098598
2021-05-07,57361.56904328887,3493.534500000208,625.0943959026756,1.651883984389271,43.072134333542394
2021-05-08,58771.881689509355,3912.7429165968124,645.0585761750556,1.6160806488867332,45.68567329638394
2021-05-09,58213.926293744385,3932.754068170969,661.8917093205984,1.7740322694519541,44.35912616018185
2021-05-10,55901.66759456145,3979.6086519212827,634.58945301263,1.6511431667688945,42.96048600238864
2021-05-11,56928.97235660158,4182.790285752286,672.6378251611095,1.767170172938632,44.72439581889054
2021-05-12,50004.76218313686,3906.108903329409,602.4357875472981,1.5682193343010113,43.62157836926913
2021-05-13,49972.795398372444,3750.3415950592753,569.7521822185124,1.9425928379832862,41.109968983538224
2021-05-14,49913.26314398822,4088.73170832043,602.9050777032468,2.0084971185028992,42.87180002955891
2021-05-15,46780.902304688214,3659.9218442136184,563.5052998307351,2.1709620318261655,43.46242757015506
2021-05-16,46585.06413538846,3602.0048969299023,563.878710635094,2.286208576781481,47.17666783643097
2021-05-17,43780.82559782485,3288.2298872378637,513.8795215885984,2.03065787758286,46.861759616729216
2021-05-18,43091.04144756922,3399.0492796569383,510.07736523997494,2.0127268590572336,56.202009029292114
2021-05-19,37287.39140242737,2505.014945945662,347.44636606255773,1.5173694336333208,35.758844160586776
2021-05-20,40437.73009625558,2778.279660560299,390.4055489155821,1.7936575361351923,44.52570262534382
2021-05-21,37339.63420134628,2419.1032171150196,322.2867462633131,1.547123576365413,38.43160144697336
2021-05-22,37520.31767547438,2306.371266867117,301.2701990051035,1.46893510816599,31.614601894528402
2021-05-23,34977.527801962424,2120.0373745099428,261.2622534486674,1.32881807075249,24.76763979126399
2021-05-24,38642.4422973396,2640.1596323488234,343.5153238530259,1.543146196143331,30.98546737051786
2021-05-25,38210.80521759389,2695.4778071496326,342.96120646828297,1.5463792548176887,30.00644952590393
2021-05-26,39406.934244116186,2882.483407624011,378.0723879073576,1.7772759637277098,35.65025364482327
2021-05-27,38642.89555434217,2742.990862697615,367.29228652289953,1.6505212051376155,33.659342590355116
2021-05-28,35710.220936529884,2433.328865728611,330.473645280297,1.5153831388326355,29.021948393257702
2021-05-29,34775.07941347281,2294.626285512794,305.84897508449757,1.4156847474142424,27.55720416292785
2021-05-30,35714.75202018067,2395.8532280027384,325.5740271352291,1.576846577725261,28.562287426658674
2021-05-31,37340.6792659422,2708.429865793973,353.0811758712889,1.7438235627778673,32.66212259787656
2021-06-01,36680.06820180283,2632.6565998696506,361.66565480634273,1.7383409999107473,30.985238146398338
2021-06-02,37685.71798174826,2717.1540367097723,402.6103887950831,1.7580638632608245,34.18804885530961
2021-06-03,39151.316183800314,2858.27670209791,428.93001062084943,1.8410805442290892,39.70667545056023
2021-06-04,36938.72031139185,2694.4976666790503,392.28088322664473,1.7101556197648238,37.59916221822976
2021-06-05,35546.98596483364,2624.7689150594238,388.33019075735723,1.6590579060151422,39.340010888406205
2021-06-06,35834.4744744042,2711.5479390111605,392.0265012406166,1.6806272700500997,42.2598870528484
2021-06-07,33451.38340714534,2580.5355800598445,356.26141468125365,1.553099912971366,38.19473236980912
2021-06-08,33557.15068309184,2528.022300878691,353.7624004673745,1.5814104630520178,41.41714832962446
2021-06-09,37553.64375851888,2620.6253893038547,376.18736712521803,1.6219127316031021,42.07765252553618
2021-06-10,36903.304906778896,2486.600068788676,352.39187862755034,1.5319682068049147,41.205960702125125
2021-06-11,37289.43252210222,2356.6347741896757,346.0770263345878,1.4373236110221328,36.09038097242029
2021-06-12,35666.14977877309,2379.991747950219,345.0457266991574,1.4829614857601388,36.568375266883066
2021-06-13,39147.70567879997,2517.771695525423,365.2476466395085,1.5668237245333339,38.820386099134
2021-06-14,40624.51305316154,2587.381610979154,371.00423762337175,1.5744303353837603,39.64405780180996
2021-06-15,40378.20254971114,2561.1883309320033,369.0197344143191,1.5665343287257434,39.699499977153316
2021-06-16,38321.454656574206,2365.872786190649,346.43933841857296,1.4796210209140048,39.54766089054998
2021-06-17,38193.619141943964,2380.744519633922,353.2126444369965,1.4874866373296805,39.32721784794218
2021-06-18,35881.11137137543,2231.554315497782,337.6347927394546,1.419139968156482,36.624102572520556
2021-06-19,35581.64226773201,2176.308536317709,335.07018119431814,1.390227052457961,35.26048477919641
2021-06-20,35787.07740523232,2251.5605593660407,340.2281584344195,1.4346691385403145,35.284274899376165
2021-06-21,31711.935467727006,1900.1222998935382,274.27055686293926,1.1831495335156843,26.59538136949911
2021-06-22,32507.738707026845,1875.3576944712033,261.43223961520897,1.147977647629035,26.729201466247304
2021-06-23,33702.61779371396,1971.1059779809414,296.1273022004297,1.2483605486687026,30.879003728161678
2021-06-24,34675.44910530336,1990.0761511910587,308.79361050917015,1.3566973909443236,31.44053281154812
2021-06-25,31943.136467863093,1833.4631609981645,284.0782307500083,1.276922563262108,29.23725923358748
2021-06-26,32023.973901774916,1817.047665540675,277.39963231242126,1.248080657285364,29.374776218716168
2021-06-27,34607.293274083386,1973.9268648383472,289.2248669688827,1.3425243876590351,31.67466281145659
2021-06-28,34556.8421269449,2087.5187237874175,291.0298352850683,1.3318537800819263,33.114180869076236
2021-06-29,35968.993667970346,2169.400067865984,300.9239255732945,1.3712344901616829,33.92293267730953
2021-06-30,35171.486304850056,2279.354161419647,303.7424426595392,1.3851628348268006,35.83440251659123
2021-07-01,33677.566235922626,2121.657900633364,289.1924506931423,1.337624786685416,33.55617113324256
2021-07-02,33950.786555181,2157.880584866453,288.1721729444467,1.3950917178971345,33.95890784245649
2021-07-03,34729.89077801021,2228.532398568573,298.4150443566236,1.4096155624434996,34.46550620541941
2021-07-04,35394.213074080915,2329.004750998825,308.2587161797882,1.45668654476562,34.4488487549447
2021-07-05,33928.13421837147,2217.3018530598792,304.0232646044936,1.4148843591874958,33.120055451168234
2021-07-06,34149.98981477412,2320.6549288317,320.3670298197941,1.4136635303619376,34.291237666647795
2021-07-07,33932.25463831538,2317.23694270242,328.28831490686645,1.4019197477829792,36.657274540397
2021-07-08,32933.578199292395,2126.4424673902267,311.53319583895274,1.3468246740938277,33.51414390083529
2021-07-09,33971.297749757956,2156.5809569525845,318.3107569140051,1.3563414559246603,33.5318526308046
2021-07-10,33704.53847440508,2123.0585974934124,317.67435605424265,1.3414118788967055,31.939202343364617
2021-07-11,34299.938016517444,2144.0142572722566,322.219354764812,1.3486761116535069,32.12329223606849
2021-07-12,33262.6543524462,2042.4991866143628,317.7586462992751,1.3197392357531657,30.95347402705691
2021-07-13,32676.38380096018,1944.3950166372085,308.8603138834186,1.264671768275158,29.16206823389161
2021-07-14,32878.50187357147,1997.6633136705987,309.4339650052979,1.264296012589953,31.23600101808439
2021-07-15,31726.038833909817,1910.7269516309964,314.6362318425904,1.2257252640796457,28.323537434952385
2021-07-16,31399.653128682126,1874.2002496808186,302.3938694991528,1.17157289130684,26.26323282766065
2021-07-17,31588.6713510167,1899.8427500663568,300.92427931101014,1.1759484192387804,26.79168755465958
2021-07-18,31919.393922554555,1905.723382843169,304.2662316676439,1.1900065239474007,26.893938948659173
2021-07-19,30928.211908849244,1824.929392091902,282.23704136302297,1.127989501793584,24.816200542365436
2021-07-20,29971.903783612062,1794.973425186835,266.3980943719025,1.0600641556948065,23.858446096960066
2021-07-21,32383.78112696872,2003.7239214521073,293.84319116155376,1.1763500815292975,26.672396972929985
2021-07-22,32409.499767175417,2027.5334479167045,293.8016653905489,1.188191868090006,27.762978035532324
2021-07-23,33455.55127272261,2117.154607794504,297.6400291647872,1.203239820067367,28.37606777419007
2021-07-24,34213.59993217662,2183.627414557696,301.4738994735757,1.2307501718097118,28.590333033238007
2021-07-25,35456.124660766836,2209.4993601030114,305.4674583615863,1.2351203934552801,28.318817766435266
2021-07-26,37281.91809217662,2230.212067673471,302.9585615137897,1.2550594474349008,28.096697946304417
2021-07-27,39076.59377063225,2292.579636803809,313.4962897355437,1.2728403706064877,27.951131012641863
2021-07-28,40031.19824444798,2299.689405936291,313.7134832723744,1.2840181960693164,27.871801252229435
2021-07-29,39977.75693922764,2383.443259961735,317.11529159036354,1.2883957205235752,31.41657633388534
2021-07-30,41936.261478677225,2462.3999826480103,322.74375771474973,1.3060900930002883,32.252691819301624
2021-07-31,41754.16660435275,2541.674599365905,334.98502851591746,1.3257156233777587,36.24876035531609
2021-08-01,39914.82975848789,2555.408178513038,332.3726400184503,1.3116274121048137,34.17251166927062
2021-08-02,39278.766508103676,2611.6730699481845,331.452599995454,1.314092238745016,33.27511835038949
2021-08-03,38368.35401197897,2521.268474889094,323.0998008181091,1.3697179207188233,34.3401202664068
2021-08-04,39751.58457509862,2724.5322427136302,334.9795053490896,1.3781957776839509,35.90548260385135
2021-08-05,40825.381940449704,2821.649692746136,338.2818687741271,1.385936279491975,37.47983512479931
2021-08-06,42802.13717474142,2888.7322742752317,342.27520930886874,1.4027984009150392,39.53990291552664
2021-08-07,44647.57760300116,3151.2175169176753,356.21901128850396,1.4783359788246955,39.38262634342374
2021-08-08,43753.217862646314,3012.3085592702105,341.45649731912124,1.4257873881828491,37.66581962149719
2021-08-09,46311.00189857689,3163.0646551948857,354.86681082174385,1.477904560739093,38.76250121094557
2021-08-10,45639.51401890709,3147.842995401753,372.73212363858596,1.676304667441845,40.66298980944724
2021-08-11,45652.06012506926,3166.6472179679286,391.9444529953977,1.7986772452507245,41.79949265382151
2021-08-12,44495.20979327958,3048.4126816864195,385.11114348041565,1.8076602778206021,41.19014957214054
2021-08-13,47717.27052766495,3323.19799054098,410.21123138822196,2.1375385491756944,44.69284014294085
2021-08-14,47088.85313451467,3268.5481770314927,409.3239523090878,2.19131066979564,44.06280236603161
2021-08-15,47025.00323011282,3309.7549104132368,413.352941129316,2.1672565731236513,53.67834815759493
2021-08-16,46031.75754362583,3153.583683763619,416.9093485124447,2.079365370010542,62.27708029189766
2021-08-17,44534.454854219905,3007.1440271712713,401.4108438239085,1.9222342258147989,64.30343710651606
2021-08-18,45015.46554608543,3037.230251196439,401.11859917961044,2.1184219304391667,74.0048019564342
2021-08-19,46745.03462296988,3144.8184367851927,430.26289463296433,2.292461499494057,73.04851676946942
2021-08-20,49195.87860189616,3276.9698366433354,453.52976111650503,2.45572095050977,78.44870433277
2021-08-21,48933.689151311635,3224.0004601521537,450.152782312137,2.441308584595027,74.21792558317044
2021-08-22,49250.54486971799,3243.4863583537394,448.5460498577836,2.6628666921343758,73.12559205921369
2021-08-23,49518.57748790696,3320.4091697810586,499.6471922438925,2.9145023754369745,75.97033641124439
2021-08-24,47940.6079149608,3177.6637963046905,472.56789940825763,2.7450346597346518,71.21280823557079
2021-08-25,49002.70376627545,3231.4414517287996,503.0600194308284,2.7378837504908593,71.5109402153286
2021-08-26,47229.070650876114,3122.971797237849,483.59478097364973,2.580371935128425,76.11361963601048
2021-08-27,49083.10330586219,3267.539434750998,494.4910267549098,2.93442218478271,87.96820731391372
2021-08-28,48936.537254142204,3245.430222387629,486.1135106261634,2.8538529166605002,97.06666833226845
2021-08-29,48907.27073106221,3233.383151693551,481.11230727270197,2.8608650199858143,94.00977412300858
2021-08-30,47124.25422469402,3232.7338632854617,461.0741328057276,2.729839087760661,109.6467328393857
2021-08-31,47335.42029920565,3440.5623358869034,466.3250681926073,2.785254233804498,108.70637640163673
2021-09-01,48823.05520964915,3790.6139962215557,490.1903097419243,2.863490759015673,110.81781609465583
2021-09-02,49338.78465183332,3793.3007433464186,484.92303782064835,2.9649869383184746,128.67418646306453
2021-09-03,49934.5282762881,3936.1633916244464,487.5028155359726,2.96707544958908,146.35759448244343
2021-09-04,50013.02994694588,3894.937511605067,499.23220832331145,2.8383566732607424,139.59408991633026
2021-09-05,51696.206431317885,3950.270344526561,502.64789931106213,2.9111968759715467,142.13561416692806
2021-09-06,52739.800166345514,3943.256785301908,497.3629972066087,2.84108679445392,164.56092375980077
2021-09-07,46995.16417095979,3440.3417568365676,418.7199041232581,2.510399694165375,173.31109531018657
2021-09-08,46085.02861578186,3496.859022996073,414.01508472530526,2.4771529159609793,189.3444533132092
2021-09-09,46518.94118660236,3435.97993265133,421.90434620430176,2.518800289012154,188.2759415810392
2021-09-10,44802.60640249699,3209.915696090501,401.63387407746995,2.3770169255943054,178.31957000068277
2021-09-11,45196.488277558245,3268.1041621348804,404.1454767462771,2.6135386010300583,177.94240190335438
2021-09-12,46195.21830082935,3417.839366766938,417.78466673455966,2.5979163349567953,174.88132072034375
2021-09-13,45139.83396873267,3301.186776828727,400.88829550518807,2.4157478253065485,169.277346931387
2021-09-14,47135.43199562694,3425.2508733748823,414.29388624030463,2.399444430468812,157.37799350381528
2021-09-15,48186.53275704722,3595.9625714292315,429.92698493835917,2.4949058499577745,158.59633983839294
2021-09-16,47879.47343992101,3573.3075160249905,424.9286346297753,2.426004302576369,151.94834110204062
2021-09-17,47228.65821623257,3412.177182421673,405.92466228296115,2.348934541047197,147.58433443491424
2021-09-18,48266.62707279063,3427.58426153173,411.49215032485296,2.3733771309022615,170.10982401213687
2021-09-19,47371.03933236471,3335.884886514119,409.8656741984923,2.29085435498536,153.326441718045
2021-09-20,42932.94659595412,2977.3226793404747,363.8928187736703,2.081224408192359,133.36872474347524
2021-09-21,40386.62363528928,2744.1109995297,343.8883778193333,1.972181151410765,122.69238861731206
2021-09-22,43587.22305058473,3074.119761245824,378.304383892215,2.2403283932380824,148.3293541912427
2021-09-23,44980.898214810935,3159.269865581771,384.8505093844634,2.326438198055506,150.3896531797567
2021-09-24,42752.1681545072,2930.7427060738946,355.7512176219757,2.271252028112571,139.31414597542954
2021-09-25,42856.855164224515,2946.9708461401983,351.3197716355193,2.3119339934318064,136.8354526288871
2021-09-26,43336.861233242744,3063.31634471348,344.5604683588748,2.212883779418014,135.79593311002097
2021-09-27,42247.355729006355,2939.742282853775,335.6370807457751,2.138878764396614,136.25952148124458
2021-09-28,41010.37519836549,2798.9844172601042,332.2069635513584,2.037869326863658,130.60489190775277
2021-09-29,41587.66786232295,2855.6117305265157,368.21137136727407,2.0585266583728097,135.27916281520976
2021-09-30,43859.32614724109,3013.4932320320772,387.5183524683549,2.1166519301521833,141.1837464924982
2021-10-01,48181.87627260008,3305.107041443724,421.4675125853655,2.2467692592328996,161.3740294980268
2021-10-02,47777.762019063,3393.9242492696653,429.3505314242623,2.2472190210882728,169.20884384676515
2021-10-03,48282.97113857447,3426.387080851377,431.4490158127125,2.2588385813642846,172.855870204067
2021-10-04,49260.232321130694,3390.310407759615,427.5458615165339,2.195095205424968,167.8779097499281
2021-10-05,51668.99422435564,3520.3422566393974,443.4354477289843,2.237848940200704,164.36927639016088
2021-10-06,55415.00574202895,3592.1761295000256,435.2620060917299,2.2133070922060374,154.09462360903782
2021-10-07,53894.59599452107,3594.918357967647,439.9326470373653,2.279964070864212,154.25988506624046
2021-10-08,54010.93747374405,3558.549577083409,418.31734306238405,2.2306779663351755,158.91461108327633
2021-10-09,55125.460337680444,3588.0809215501645,422.312499600526,2.2694736192158076,157.3354214402797
2021-10-10,54711.86959664297,3431.0193069150096,404.32984207958265,2.196016203628428,147.69627281665322
2021-10-11,57572.510855596534,3537.840087124068,412.9041662172662,2.1741154519846,144.85910794492872
2021-10-12,56335.035460511535,3498.1052921206597,440.36732782218525,2.117958281981731,152.00078829875227
2021-10-13,57487.985880422195,3605.6503342981764,469.5721483361627,2.189330534750954,148.39205395880688
2021-10-14,57452.43178503547,3794.516888224821,471.83904758364673,2.1744873109231877,150.09136322362892
2021-10-15,61809.02394427028,3885.641764529699,476.06043685916666,2.2256475894093337,162.9821748166483
2021-10-16,61165.63564211521,3854.498461449342,467.81392063599463,2.187229098291846,158.27370286236626
2021-10-17,61583.77443961336,3854.223686940845,470.6037423333306,2.1578227539239725,159.86349202431006
2021-10-18,62017.972725178704,3752.61872738495,484.96283076555414,2.12842579799445,157.37532489090881
2021-10-19,64517.64856042277,3884.5872952429017,488.5758698597108,2.115808715393755,156.39068064885493
2021-10-20,66237.51755029388,4170.107932886265,503.12263901994754,2.193571636731407,175.60195629220317
2021-10-21,62541.08693293518,4074.8601575202883,472.6932063610324,2.145293671880843,189.05931890382809
2021-10-22,61029.27093182092,3990.711976433473,481.1525290008791,2.1655165443729016,197.83389968834183
2021-10-23,61572.14043422243,4179.44229816945,484.83585324776277,2.174154973200162,198.30695225047282
2021-10-24,61173.1663907232,4094.9389934187225,477.9704015575551,2.12855152746846,203.16528895289179
2021-10-25,63228.21382584213,4230.208371594039,487.15211541381655,2.152108188595917,211.19080150794161
2021-10-26,60604.18888794746,4152.570288731245,478.44458996042187,2.1388228437474472,199.75011389046043
2021-10-27,58641.00147419492,3944.090861781322,450.85609413572087,1.923902863221468,183.54274956995576
2021-10-28,60767.55585206728,4288.09721878663,491.7140407371403,1.9946787201185678,195.08625966302498
2021-10-29,62283.19805587354,4422.940535593754,529.2882472230272,2.0159917138188046,199.7845325480303
2021-10-30,61837.257002978935,4324.6099257118785,526.9439227746522,1.9513562972176963,193.33785373845146
2021-10-31,61471.86846276259,4292.04047236198,524.7049325140741,1.9667594590992787,202.39144718715852
2021-11-01,61121.83120106507,4330.553151595248,551.2885678600875,1.9523314756266894,203.81420779167425
2021-11-02,63247.20896127831,4596.59309058429,555.3427586577659,1.970655655473097,220.65381148740764
2021-11-03,63130.94235171542,4607.699273078144,569.4164593460114,2.0675682387769276,242.04614187434888
2021-11-04,61601.74357204975,4550.014435142697,561.0755439359384,1.9918734123237725,249.06288567609292
2021-11-05,61247.38494217787,4494.80276090967,607.3883112866952,1.9864686920482133,237.88946143331174
2021-11-06,61661.35866372036,4527.104154150622,636.0540957346044,2.0096727657135287,259.23955828664066
2021-11-07,63153.230193019495,4626.6292884486975,650.4955187419658,2.0271880103685707,250.36479323196647
2021-11-08,67617.0155448617,4815.004634322234,654.5480093929862,2.1276077543586864,248.8224986641578
2021-11-09,67145.37493537061,4742.08091060724,636.9276179113473,2.278046981720341,239.42042668071062
2021-11-10,65061.05440696283,4641.528764849704,611.442280988011,2.0970951137018767,233.07366976619127
2021-11-11,65005.64515956679,4732.9244503493555,629.7114198219757,2.085168683429808,234.8643324134869
2021-11-12,64432.04794734522,4685.10635551733,629.0951051768023,2.0567881449711227,229.39855731141944
2021-11-13,64660.33535267343,4666.498498194288,652.233781780782,2.0583309024471443,241.33480045995515
2021-11-14,65648.97779110243,4652.947394238871,654.6251958260524,2.0513126157165504,239.51447253719712
2021-11-15,63933.835442599324,4583.211418759011,635.7060101886829,2.025232183921643,238.76462750446106
2021-11-16,60448.56251258625,4243.352906802173,591.3491128080688,1.8845361964738554,220.09764163324894
2021-11-17,60603.65586738653,4302.804958962834,580.0133147253715,1.881436035207578,219.10555534624334
2021-11-18,56987.32233855049,3993.846595161859,530.9570129634238,1.786410644989121,195.0785065693146
2021-11-19,58459.25551667463,4317.603195646166,584.2926021273962,1.8724046156739576,215.83494421153327
2021-11-20,60082.91166841709,4436.192766930451,605.5286170448769,1.9280607722403638,218.32939968667216
2021-11-21,59139.779279527174,4319.361566856902,590.2541189074999,1.8543908922015795,232.44114562844396
2021-11-22,56386.856853152145,4101.062876490145,559.9888491894189,1.7775566656436455,216.39900684614148
2021-11-23,57748.79317378856,4355.420957796475,593.4866916637089,1.7512785978033358,222.09815823221743
2021-11-24,57198.18384629529,4269.437219728043,591.4138284048736,1.6688310351021263,205.54865275061945
2021-11-25,58897.84698299794,4515.843300142739,638.1682733737293,1.6790577782821612,209.79215190984442
2021-11-26,53827.792865034724,4048.3128440761725,585.565593002117,1.5369875709284941,192.14742617788187
2021-11-27,54533.40388242691,4084.0884856959556,598.0658826532297,1.5395503494825284,192.13619982447634
2021-11-28,57237.66113709043,4290.091862536401,611.4482335847231,1.592574721411291,200.46141949418416
2021-11-29,57848.77353712989,4444.528279821561,623.8191584314648,1.6034069099023303,204.35042327956776
2021-11-30,57011.28047424234,4637.121616831405,624.0478871415212,1.554012306521199,208.705589094445
2021-12-01,57169.37199381056,4589.610617539151,627.5298135272164,1.5476591321157,229.4487239706693
2021-12-02,56508.26805402271,4519.441028028784,620.5070871087867,1.714180025148258,232.57222783967566
2021-12-03,53785.96717237922,4240.155516808957,596.4043662845299,1.562574478528866,212.13388531266622
2021-12-04,49161.99070957517,4101.656791810778,567.2495179476927,1.4191239358110046,200.94131044922477
2021-12-05,49268.46989053938,4198.572874562462,555.8212703932991,1.3759194384686666,196.56894708665507
2021-12-06,50461.57683653979,4347.615630598069,588.4348263784073,1.4176556501197515,193.89173190285274
2021-12-07,50647.66340635755,4310.566646424531,578.5399946338938,1.3843106130156138,190.37257114243482
2021-12-08,50530.4580645934,4431.540647139759,604.9915670300866,1.3936063479928902,194.30116864643182
2021-12-09,47885.871989417064,4153.333310724186,574.641806152582,1.2989397181732933,181.75158018469773
2021-12-10,47303.56415217411,3918.200743402953,553.6133877159856,1.2148656090353085,169.46107045067666
2021-12-11,49242.302324071476,4079.814930569866,564.2782554939088,1.3471857981394848,171.84456471947678
2021-12-12,50051.078348674855,4135.841510137412,569.0004263105781,1.3484020924530826,173.73511343008292
2021-12-13,46696.30469946678,3782.8952622347147,522.8376226690576,1.2241788960308295,155.08489768608015
2021-12-14,48410.564656309325,3858.1644681806974,527.2875946201649,1.2663034133024365,161.06018556882867
2021-12-15,48936.86258244155,4015.72254331389,539.3565808593963,1.3122271887742145,178.2619337658359
2021-12-16,47694.530502251764,3971.5597663421136,526.9418353141148,1.2451616665078393,176.80558474391322
2021-12-17,46328.6963654447,3886.7473617182886,526.4854789150172,1.2223421022445387,175.79063841353098
2021-12-18,46970.057050727024,3966.4253516705508,536.1871682219864,1.243826205655091,182.9705669569821
2021-12-19,46807.04861642627,3928.8417238716206,530.1187422479649,1.2461505006330778,179.93839883526266
2021-12-20,47117.008204210455,3950.4823919860964,526.5978524574593,1.2466720827696853,174.37115871651199
2021-12-21,49145.21725849885,4036.549717813428,530.0064075047421,1.282908951955821,180.12601919521373
2021-12-22,48755.89564404483,3992.5945766373156,534.6981367362372,1.3323293728380547,178.57398150636655
2021-12-23,50900.61494951601,4113.529931874606,549.8265817194211,1.4783371040977,190.51215929842786
2021-12-24,50888.72103678683,4055.1173669313243,542.6983592819216,1.397481594409191,190.4403687480951
2021-12-25,50663.48710213215,4110.571870853741,548.7449450690223,1.4586640242200146,193.28925387578548
2021-12-26,50852.860259540656,4075.03161894955,547.4764999433936,1.4577769531178388,198.19740128641658
2021-12-27,50774.067814743,4045.051350119327,564.6778030444042,1.521303644682468,196.0391793952204
2021-12-28,47725.14804631933,3807.3603674991996,536.1753306823955,1.4115805945435753,178.29769922040717
2021-12-29,46506.99464767938,3644.405516878227,514.1864863211885,1.3377414145718223,171.27231463236643
2021-12-30,47191.86838983951,3714.945456115339,518.3716411383205,1.3580495736019418,172.50889438021562
2021-12-31,46319.65108805251,3686.4025423019352,511.8047669798138,1.3107198504184556,170.1966082645718
2022-01-01,47816.07767640849,3780.315874327848,528.8656538402871,1.3784051988386994,178.88879762342907
2022-01-02,47387.212167697246,3835.3959914939574,531.645840127719,1.3795032561094718,176.32149989503122
2022-01-03,46531.140860530526,3769.4049401148714,513.2364309427686,1.3239481300470195,170.57083886740085
2022-01-04,45938.02427172366,3794.908130100449,508.80180480659266,1.3118426946813653,168.0394848714517
2022-01-05,43647.147508068054,3556.9062274078738,476.57900201689165,1.239527837177041,155.71670664692078
2022-01-06,43216.45867693359,3416.8260086159135,474.7851450069993,1.2796089958902161,150.72362465772903
2022-01-07,41527.197042644846,3201.79457434796,448.57883955435494,1.2144893663815632,136.6133086353095
2022-01-08,41756.66232397826,3101.0409016141402,430.92942233592515,1.1886263321119366,142.37691491093904
2022-01-09,41862.3609856517,3156.967262159481,439.156625815727,1.1749797373767104,140.97069019412947
2022-01-10,41869.85905559219,3086.7290024387257,425.3108797625643,1.1307224782864616,135.98215275078118
2022-01-11,42777.211020482355,3246.413723028553,463.4275547369332,1.18667167026448,140.2633692449685
2022-01-12,43981.87732717414,3378.0358951715943,486.90638492744864,1.3060435462054065,151.92225384391546
2022-01-13,42608.41001195019,3256.7588661330324,476.5975674395728,1.2367290015435137,146.8991625118502
2022-01-14,43120.85451108056,3311.986061274383,490.0587450233676,1.291350930663094,146.31283636345285
2022-01-15,43226.65026980921,3331.246655159985,495.22486715749994,1.2961904584039028,147.70351003866236
2022-01-16,43119.79214308028,3356.2954438590405,498.59986069893665,1.4093051419997442,147.94236767494985
2022-01-17,42298.341116872325,3216.592980619574,476.3945519061945,1.5892889271039394,140.0483723855377
2022-01-18,42395.45879157343,3166.4539115046164,471.75845097802204,1.4708324109329853,141.634144063378
2022-01-19,41749.55143098559,3097.0214660626802,464.38929629781495,1.3427761925004427,135.5936205367398
2022-01-20,40707.6824143097,3015.588777543836,441.5417572067395,1.2605743103846896,128.56948450207307
2022-01-21,36508.799789830824,2564.3433423740635,383.86404934716313,1.1220401952271295,111.77542786353777
2022-01-22,35180.435462830384,2407.377851608285,359.0134419494436,1.071909388330883,94.51541078123918
2022-01-23,36306.409440464704,2537.836727861043,383.3773709361465,1.1211271247271826,99.69162217459098
2022-01-24,36774.00714224005,2447.831512095295,372.5032006223924,1.0699081537081911,91.91541131637003
2022-01-25,36988.928510667356,2465.21922984942,385.1048428042205,1.0456920570711625,95.09282864333939
2022-01-26,36870.440166930995,2470.4304120157067,376.4547135125805,1.078198211113442,92.24801292004712
2022-01-27,37276.839558174994,2411.863855325421,391.3431655632998,1.0478747698291457,89.60158614183815
2022-01-28,37852.57902803263,2551.1110735194716,386.6374670963409,1.0529690590987757,91.42580267920562
2022-01-29,38232.17873217708,2603.603872339056,390.1593565970201,1.0634305674041453,96.17869128153504
2022-01-30,37983.151499406464,2610.1824055910874,378.3370193560595,1.0391204356438395,93.40252902879779
2022-01-31,38555.53446121157,2689.2208672204492,376.51047776345945,1.054751014934754,99.88984753621435
2022-02-01,38835.69494322237,2797.434855273681,386.42137000970774,1.0903286876813183,110.12732330616494
2022-02-02,37000.98249864199,2690.319739476765,367.78060888976273,1.0314534223683853,101.8292164519742
2022-02-03,37101.351593780935,2667.256728215686,370.67591619482783,1.0564237774530993,100.87832034717168
2022-02-04,41673.8395543094,2993.0994395135976,400.05369289690856,1.1338483100323715,112.48079518340074
2022-02-05,41493.690050910525,3018.6733981571506,414.64214989920873,1.1297790873821325,114.33315412383556
2022-02-06,42475.543220951215,3062.8058084507857,419.7392671915181,1.1472378013931737,115.2834781341491
2022-02-07,43800.001131396086,3143.839938822515,431.47284814792135,1.1992522222579707,116.56202573552993
